,Unnamed: 0,country,population,year,quarter,new_cases,percentage
0,0,Albania,2827615.0,2020,Q1,212.0,0.0074974846292723
1,1,Albania,2827615.0,2020,Q2,2190.0,0.0774504308401249
2,2,Albania,2827615.0,2020,Q3,10989.0,0.3886314084484628
3,3,Albania,2827615.0,2020,Q4,43755.0,1.547417169593456
4,4,Albania,2827615.0,2021,Q1,67273.0,2.379142846533209
5,5,Albania,2827615.0,2021,Q2,8094.0,0.2862483046666537
6,6,Albania,2827615.0,2021,Q3,36269.0,1.2826710849956589
7,7,Albania,2827615.0,2021,Q4,40117.0,1.4187575041156593
8,8,Albania,2827615.0,2022,Q1,64630.0,2.2856718471220447
9,9,Albania,2827615.0,2022,Q2,5638.0,0.1993906525464039
10,10,Albania,2827615.0,2022,Q3,51816.0,1.8324984129734776
11,11,Albania,2827615.0,2022,Q4,1785.0,0.063127405958732
12,12,Albania,2827615.0,2023,Q1,1087.0,0.038442291471788
13,13,Albania,2827615.0,2023,Q2,235.0,0.0083108909805613
14,14,Albania,2827615.0,2023,Q3,0.0,0.0
15,15,Albania,2827615.0,2023,Q4,506.0,0.0178949397283576
16,16,Albania,2827615.0,2024,Q1,432.0,0.0152778932068191
17,17,Albania,2827615.0,2024,Q2,224.0,0.007921870551684
18,18,Albania,2827615.0,2024,Q3,1934.0,0.0683968644953432
19,19,Albania,2827615.0,2024,Q4,10.0,0.000353654935343
36520,36520,Andorra,79722.0,2020,Q1,376.0,0.4716389453350392
36521,36521,Andorra,79722.0,2020,Q2,479.0,0.600837911743308
36522,36522,Andorra,79722.0,2020,Q3,1111.0,1.3935927347532675
36523,36523,Andorra,79722.0,2020,Q4,6017.0,7.547477484257796
36524,36524,Andorra,79722.0,2021,Q1,3961.0,4.968515591681092
36525,36525,Andorra,79722.0,2021,Q2,1956.0,2.453526002859938
36526,36526,Andorra,79722.0,2021,Q3,1309.0,1.641955796392464
36527,36527,Andorra,79722.0,2021,Q4,7913.0,9.925741953287677
36528,36528,Andorra,79722.0,2022,Q1,16902.0,21.20117407992775
36529,36529,Andorra,79722.0,2022,Q2,3750.0,4.703845864378716
36530,36530,Andorra,79722.0,2022,Q3,2453.0,3.076942374752264
36531,36531,Andorra,79722.0,2022,Q4,1524.0,1.91164295928351
36532,36532,Andorra,79722.0,2023,Q1,179.0,0.2245302425930107
36533,36533,Andorra,79722.0,2023,Q2,85.0,0.1066205062592509
36534,36534,Andorra,79722.0,2023,Q3,0.0,0.0
36535,36535,Andorra,79722.0,2023,Q4,0.0,0.0
36536,36536,Andorra,79722.0,2024,Q1,0.0,0.0
36537,36537,Andorra,79722.0,2024,Q2,0.0,0.0
36538,36538,Andorra,79722.0,2024,Q3,0.0,0.0
36539,36539,Andorra,79722.0,2024,Q4,0.0,0.0
73040,73040,Austria,9064679.0,2020,Q1,6100.0,0.067294164525848
73041,73041,Austria,9064679.0,2020,Q2,8314.0,0.0917186366996558
73042,73042,Austria,9064679.0,2020,Q3,26590.0,0.2933363663511967
73043,73043,Austria,9064679.0,2020,Q4,311653.0,3.438102992946579
73044,73044,Austria,9064679.0,2021,Q1,180167.0,1.9875717606767984
73045,73045,Austria,9064679.0,2021,Q2,107906.0,1.190400674971502
73046,73046,Austria,9064679.0,2021,Q3,91754.0,1.0122145527712565
73047,73047,Austria,9064679.0,2021,Q4,532045.0,5.86943012543522
73048,73048,Austria,9064679.0,2022,Q1,2559004.0,28.230497737426774
73049,73049,Austria,9064679.0,2022,Q2,611302.0,6.743779895570488
73050,73050,Austria,9064679.0,2022,Q3,679612.0,7.497364219957485
73051,73051,Austria,9064679.0,2022,Q4,586399.0,6.469054226851275
73052,73052,Austria,9064679.0,2023,Q1,331568.0,3.657801892378097
73053,73053,Austria,9064679.0,2023,Q2,48774.0,0.5380664886202811
73054,73054,Austria,9064679.0,2023,Q3,99.0,0.0010921511947637
73055,73055,Austria,9064679.0,2023,Q4,883.0,0.0097411061108727
73056,73056,Austria,9064679.0,2024,Q1,171.0,0.0018864429727737
73057,73057,Austria,9064679.0,2024,Q2,32.0,0.0003530185680044
73058,73058,Austria,9064679.0,2024,Q3,333.0,0.0036735994732962
73059,73059,Austria,9064679.0,2024,Q4,305.0,0.0033647082262924
109540,109540,Belarus,9173241.0,2020,Q1,152.0,0.0016569934224992
109541,109541,Belarus,9173241.0,2020,Q2,61638.0,0.6719326353684593
109542,109542,Belarus,9173241.0,2020,Q3,16470.0,0.1795439583458016
109543,109543,Belarus,9173241.0,2020,Q4,114101.0,1.243846095398562
109544,109544,Belarus,9173241.0,2021,Q1,128233.0,1.397902878600922
109545,109545,Belarus,9173241.0,2021,Q2,95681.0,1.0430446556456985
109546,109546,Belarus,9173241.0,2021,Q3,119822.0,1.3062122754651273
109547,109547,Belarus,9173241.0,2021,Q4,161503.0,1.7605882152229513
109548,109548,Belarus,9173241.0,2022,Q1,263789.0,2.8756357758397493
109549,109549,Belarus,9173241.0,2022,Q2,21478.0,0.2341375311081437
109550,109550,Belarus,9173241.0,2022,Q3,11170.0,0.1217672140086584
109551,109551,Belarus,9173241.0,2022,Q4,0.0,0.0
109552,109552,Belarus,9173241.0,2023,Q1,0.0,0.0
109553,109553,Belarus,9173241.0,2023,Q2,0.0,0.0
109554,109554,Belarus,9173241.0,2023,Q3,0.0,0.0
109555,109555,Belarus,9173241.0,2023,Q4,0.0,0.0
109556,109556,Belarus,9173241.0,2024,Q1,0.0,0.0
109557,109557,Belarus,9173241.0,2024,Q2,0.0,0.0
109558,109558,Belarus,9173241.0,2024,Q3,1.0,1.0901272516442116e-05
109559,109559,Belarus,9173241.0,2024,Q4,7.0,7.630890761509482e-05
146060,146060,Belgium,11641813.0,2020,Q1,13558.0,0.1164595239590259
146061,146061,Belgium,11641813.0,2020,Q2,48199.0,0.4140162704898283
146062,146062,Belgium,11641813.0,2020,Q3,57780.0,0.4963144486172385
146063,146063,Belgium,11641813.0,2020,Q4,525740.0,4.515963278228228
146064,146064,Belgium,11641813.0,2021,Q1,230108.0,1.9765649903498703
146065,146065,Belgium,11641813.0,2021,Q2,202672.0,1.7408972296668914
146066,146066,Belgium,11641813.0,2021,Q3,156441.0,1.3437855426813676
146067,146067,Belgium,11641813.0,2021,Q4,862214.0,7.406183212185249
146068,146068,Belgium,11641813.0,2022,Q1,1748891.0,15.022496925521825
146069,146069,Belgium,11641813.0,2022,Q2,399358.0,3.4303763511748557
146070,146070,Belgium,11641813.0,2022,Q3,305690.0,2.625793765970988
146071,146071,Belgium,11641813.0,2022,Q4,134253.0,1.1531966713432005
146072,146072,Belgium,11641813.0,2023,Q1,93747.0,0.8052611736677098
146073,146073,Belgium,11641813.0,2023,Q2,23137.0,0.1987405226316554
146074,146074,Belgium,11641813.0,2023,Q3,16773.0,0.1440754975191578
146075,146075,Belgium,11641813.0,2023,Q4,30184.0,0.2592723315517952
146076,146076,Belgium,11641813.0,2024,Q1,12360.0,0.1061690305453283
146077,146077,Belgium,11641813.0,2024,Q2,4720.0,0.040543513282682
146078,146078,Belgium,11641813.0,2024,Q3,19557.0,0.1679892985740279
146079,146079,Belgium,11641813.0,2024,Q4,8368.0,0.0718788388028565
182560,182560,Bosnia and Herzegovina,3204805.0,2020,Q1,406.0,0.01266847748927
182561,182561,Bosnia and Herzegovina,3204805.0,2020,Q2,3919.0,0.1222851312326335
182562,182562,Bosnia and Herzegovina,3204805.0,2020,Q3,22901.0,0.7145832585757947
182563,182563,Bosnia and Herzegovina,3204805.0,2020,Q4,83759.0,2.613544349812235
182564,182564,Bosnia and Herzegovina,3204805.0,2021,Q1,56669.0,1.768251110441977
182565,182565,Bosnia and Herzegovina,3204805.0,2021,Q2,37350.0,1.165437522719791
182566,182566,Bosnia and Herzegovina,3204805.0,2021,Q3,28771.0,0.89774572867928
182567,182567,Bosnia and Herzegovina,3204805.0,2021,Q4,56696.0,1.76909359539816
182568,182568,Bosnia and Herzegovina,3204805.0,2022,Q1,84861.0,2.6479302172831107
182569,182569,Bosnia and Herzegovina,3204805.0,2022,Q2,3298.0,0.1029079772404249
182570,182570,Bosnia and Herzegovina,3204805.0,2022,Q3,20038.0,0.6252486500738734
182571,182571,Bosnia and Herzegovina,3204805.0,2022,Q4,2425.0,0.0756676303238418
182572,182572,Bosnia and Herzegovina,3204805.0,2023,Q1,1427.0,0.0445268900915968
182573,182573,Bosnia and Herzegovina,3204805.0,2023,Q2,527.0,0.0164440582188307
182574,182574,Bosnia and Herzegovina,3204805.0,2023,Q3,108.0,0.0033699398247319
182575,182575,Bosnia and Herzegovina,3204805.0,2023,Q4,353.0,0.0110147107234293
182576,182576,Bosnia and Herzegovina,3204805.0,2024,Q1,119.0,0.0037131744365101
182577,182577,Bosnia and Herzegovina,3204805.0,2024,Q2,24.0,0.000748875516607
182578,182578,Bosnia and Herzegovina,3204805.0,2024,Q3,244.0,0.0076135677521721
182579,182579,Bosnia and Herzegovina,3204805.0,2024,Q4,225.0,0.0070207079681915
219080,219080,Bulgaria,6825863.0,2020,Q1,346.0,0.0050689561158786
219081,219081,Bulgaria,6825863.0,2020,Q2,4279.0,0.0626880439879909
219082,219082,Bulgaria,6825863.0,2020,Q3,15372.0,0.2252022931019857
219083,219083,Bulgaria,6825863.0,2020,Q4,177387.0,2.5987483194432706
219084,219084,Bulgaria,6825863.0,2021,Q1,130386.0,1.910176046603924
219085,219085,Bulgaria,6825863.0,2021,Q2,93745.0,1.3733794539972457
219086,219086,Bulgaria,6825863.0,2021,Q3,70850.0,1.03796399078036
219087,219087,Bulgaria,6825863.0,2021,Q4,241517.0,3.5382632203429805
219088,219088,Bulgaria,6825863.0,2022,Q1,399220.0,5.848637747344182
219089,219089,Bulgaria,6825863.0,2022,Q2,36869.0,0.5401368295847719
219090,219090,Bulgaria,6825863.0,2022,Q3,74517.0,1.0916861355113632
219091,219091,Bulgaria,6825863.0,2022,Q4,36129.0,0.5292957095681528
219092,219092,Bulgaria,6825863.0,2023,Q1,8035.0,0.1177140531534254
219093,219093,Bulgaria,6825863.0,2023,Q2,9618.0,0.1409052598916796
219094,219094,Bulgaria,6825863.0,2023,Q3,3918.0,0.0573993354393429
219095,219095,Bulgaria,6825863.0,2023,Q4,21390.0,0.3133669691290317
219096,219096,Bulgaria,6825863.0,2024,Q1,5593.0,0.0819383570985822
219097,219097,Bulgaria,6825863.0,2024,Q2,294.0,0.0043071476822784
219098,219098,Bulgaria,6825863.0,2024,Q3,6264.0,0.0917686159244626
219099,219099,Bulgaria,6825863.0,2024,Q4,3282.0,0.0480818322899243
255580,255580,Croatia,3907031.0,2020,Q1,790.0,0.0202199573026167
255581,255581,Croatia,3907031.0,2020,Q2,1935.0,0.0495260979500802
255582,255582,Croatia,3907031.0,2020,Q3,13655.0,0.3494981227433312
255583,255583,Croatia,3907031.0,2020,Q4,192066.0,4.915906733271377
255584,255584,Croatia,3907031.0,2021,Q1,60563.0,1.5501028786308582
255585,255585,Croatia,3907031.0,2021,Q2,90727.0,2.3221469192335564
255586,255586,Croatia,3907031.0,2021,Q3,43344.0,1.1093845940817977
255587,255587,Croatia,3907031.0,2021,Q4,306598.0,7.847339834262897
255588,255588,Croatia,3907031.0,2022,Q1,387731.0,9.923929449241635
255589,255589,Croatia,3907031.0,2022,Q2,49971.0,1.2790018814798243
255590,255590,Croatia,3907031.0,2022,Q3,84195.0,2.154961145688376
255591,255591,Croatia,3907031.0,2022,Q4,31942.0,0.8175517419749164
255592,255592,Croatia,3907031.0,2023,Q1,6996.0,0.1790617991001351
255593,255593,Croatia,3907031.0,2023,Q2,3478.0,0.0890190018968367
255594,255594,Croatia,3907031.0,2023,Q3,1346.0,0.034450712062433
255595,255595,Croatia,3907031.0,2023,Q4,34391.0,0.8802336096130283
255596,255596,Croatia,3907031.0,2024,Q1,8346.0,0.2136148906932143
255597,255597,Croatia,3907031.0,2024,Q2,1278.0,0.0327102600414483
255598,255598,Croatia,3907031.0,2024,Q3,24369.0,0.6237216955790728
255599,255599,Croatia,3907031.0,2024,Q4,8963.0,0.2294069332953846
292080,292080,Cyprus,1331376.0,2020,Q1,230.0,0.0172753602288159
292081,292081,Cyprus,1331376.0,2020,Q2,766.0,0.0575344605881434
292082,292082,Cyprus,1331376.0,2020,Q3,747.0,0.0561073656127194
292083,292083,Cyprus,1331376.0,2020,Q4,20604.0,1.5475718354544472
292084,292084,Cyprus,1331376.0,2021,Q1,23759.0,1.7845447116366826
292085,292085,Cyprus,1331376.0,2021,Q2,30447.0,2.2868821429859034
292086,292086,Cyprus,1331376.0,2021,Q3,43591.0,3.2741314249318
292087,292087,Cyprus,1331376.0,2021,Q4,41635.0,3.127215752725
292088,292088,Cyprus,1331376.0,2022,Q1,264436.0,19.861857206378964
292089,292089,Cyprus,1331376.0,2022,Q2,78502.0,5.89630577688046
292090,292090,Cyprus,1331376.0,2022,Q3,83277.0,6.254957277283052
292091,292091,Cyprus,1331376.0,2022,Q4,43117.0,3.238529160808066
292092,292092,Cyprus,1331376.0,2023,Q1,24553.0,1.8441822595570296
292093,292093,Cyprus,1331376.0,2023,Q2,5190.0,0.389822259076324
292094,292094,Cyprus,1331376.0,2023,Q3,0.0,0.0
292095,292095,Cyprus,1331376.0,2023,Q4,14621.0,1.0981871387196405
292096,292096,Cyprus,1331376.0,2024,Q1,15601.0,1.1717951953467691
292097,292097,Cyprus,1331376.0,2024,Q2,4571.0,0.3433290069822499
292098,292098,Cyprus,1331376.0,2024,Q3,12287.0,0.9228797875280912
292099,292099,Cyprus,1331376.0,2024,Q4,2394.0,0.1798139669034142
328580,328580,Czechia,10673216.0,2020,Q1,3026.0,0.0283513422758426
328581,328581,Czechia,10673216.0,2020,Q2,8892.0,0.0833113468330445
328582,328582,Czechia,10673216.0,2020,Q3,56125.0,0.5258490037117209
328583,328583,Czechia,10673216.0,2020,Q4,655534.0,6.141860147869208
328584,328584,Czechia,10673216.0,2021,Q1,826196.0,7.740834627538691
328585,328585,Czechia,10673216.0,2021,Q2,137815.0,1.291222814192086
328586,328586,Czechia,10673216.0,2021,Q3,24758.0,0.2319638242119338
328587,328587,Czechia,10673216.0,2021,Q4,805034.0,7.542562616553436
328588,328588,Czechia,10673216.0,2022,Q1,1558110.0,14.598317882819948
328589,328589,Czechia,10673216.0,2022,Q2,140598.0,1.3172974293783617
328590,328590,Czechia,10673216.0,2022,Q3,243114.0,2.2777951837571733
328591,328591,Czechia,10673216.0,2022,Q4,120933.0,1.1330511815745132
328592,328592,Czechia,10673216.0,2023,Q1,53533.0,0.5015639147563397
328593,328593,Czechia,10673216.0,2023,Q2,9114.0,0.0853913197296859
328594,328594,Czechia,10673216.0,2023,Q3,8785.0,0.0823088373738524
328595,328595,Czechia,10673216.0,2023,Q4,95056.0,0.8906031696538326
328596,328596,Czechia,10673216.0,2024,Q1,12332.0,0.115541557483705
328597,328597,Czechia,10673216.0,2024,Q2,1194.0,0.0111868812549094
328598,328598,Czechia,10673216.0,2024,Q3,33796.0,0.316643081148175
328599,328599,Czechia,10673216.0,2024,Q4,31386.0,0.2940631951981483
365080,365080,Denmark,5902898.0,2020,Q1,2577.0,0.0436565226097418
365081,365081,Denmark,5902898.0,2020,Q2,10174.0,0.1723560190265866
365082,365082,Denmark,5902898.0,2020,Q3,14713.0,0.2492504529131284
365083,365083,Denmark,5902898.0,2020,Q4,133766.0,2.2661072578248853
365084,365084,Denmark,5902898.0,2021,Q1,71172.0,1.205712854940065
365085,365085,Denmark,5902898.0,2021,Q2,63435.0,1.0746416421222251
365086,365086,Denmark,5902898.0,2021,Q3,65032.0,1.1016961499250029
365087,365087,Denmark,5902898.0,2021,Q4,422833.0,7.163142578441979
365088,365088,Denmark,5902898.0,2022,Q1,2271140.0,38.474999906825424
365089,365089,Denmark,5902898.0,2022,Q2,114758.0,1.9440959338955204
365090,365090,Denmark,5902898.0,2022,Q3,128693.0,2.1801664199516915
365091,365091,Denmark,5902898.0,2022,Q4,90146.0,1.527148190600617
365092,365092,Denmark,5902898.0,2023,Q1,20054.0,0.3397314336110839
365093,365093,Denmark,5902898.0,2023,Q2,5781.0,0.0979349465296537
365094,365094,Denmark,5902898.0,2023,Q3,2743.0,0.0464687006280643
365095,365095,Denmark,5902898.0,2023,Q4,15329.0,0.259686005077506
365096,365096,Denmark,5902898.0,2024,Q1,2498.0,0.0423181969263233
365097,365097,Denmark,5902898.0,2024,Q2,1094.0,0.0185332695906315
365098,365098,Denmark,5902898.0,2024,Q3,5681.0,0.0962408633860859
365099,365099,Denmark,5902898.0,2024,Q4,3782.0,0.0640702244897336
401580,401580,Estonia,1350092.0,2020,Q1,5955.0,0.4410810522542168
401581,401581,Estonia,1350092.0,2020,Q2,1277.0,0.094586146721853
401582,401582,Estonia,1350092.0,2020,Q3,1282.0,0.0949564918538884
401583,401583,Estonia,1350092.0,2020,Q4,22517.0,1.6678122676084297
401584,401584,Estonia,1350092.0,2021,Q1,78447.0,5.810492914556934
401585,401585,Estonia,1350092.0,2021,Q2,21366.0,1.58255881821387
401586,401586,Estonia,1350092.0,2021,Q3,23077.0,1.7092909223963997
401587,401587,Estonia,1350092.0,2021,Q4,72888.0,5.398743196759924
401588,401588,Estonia,1350092.0,2022,Q1,310436.0,22.993692281711173
401589,401589,Estonia,1350092.0,2022,Q2,27829.0,2.061266935882888
401590,401590,Estonia,1350092.0,2022,Q3,19112.0,1.4156072326922906
401591,401591,Estonia,1350092.0,2022,Q4,10031.0,0.7429864038895128
401592,401592,Estonia,1350092.0,2023,Q1,4557.0,0.3375325533371059
401593,401593,Estonia,1350092.0,2023,Q2,2814.0,0.2084302403095493
401594,401594,Estonia,1350092.0,2023,Q3,599.0,0.0443673468178464
401595,401595,Estonia,1350092.0,2023,Q4,6394.0,0.4735973548469289
401596,401596,Estonia,1350092.0,2024,Q1,1713.0,0.1268802422353439
401597,401597,Estonia,1350092.0,2024,Q2,264.0,0.0195542229714715
401598,401598,Estonia,1350092.0,2024,Q3,1408.0,0.1042891891811817
401599,401599,Estonia,1350092.0,2024,Q4,1990.0,0.1473973625501076
438080,438080,Faroe Islands,54039.0,2020,Q1,168.0,0.3108865819130628
438081,438081,Faroe Islands,54039.0,2020,Q2,19.0,0.0351597920020725
438082,438082,Faroe Islands,54039.0,2020,Q3,279.0,0.5162937878199079
438083,438083,Faroe Islands,54039.0,2020,Q4,142.0,0.2627731823312792
438084,438084,Faroe Islands,54039.0,2021,Q1,56.0,0.1036288606376876
438085,438085,Faroe Islands,54039.0,2021,Q2,114.0,0.2109587520124354
438086,438086,Faroe Islands,54039.0,2021,Q3,386.0,0.7142989322526324
438087,438087,Faroe Islands,54039.0,2021,Q4,4605.0,8.521623272081275
438088,438088,Faroe Islands,54039.0,2022,Q1,28889.0,53.459538481467085
438089,438089,Faroe Islands,54039.0,2022,Q2,0.0,0.0
438090,438090,Faroe Islands,54039.0,2022,Q3,0.0,0.0
438091,438091,Faroe Islands,54039.0,2022,Q4,0.0,0.0
438092,438092,Faroe Islands,54039.0,2023,Q1,0.0,0.0
438093,438093,Faroe Islands,54039.0,2023,Q2,0.0,0.0
438094,438094,Faroe Islands,54039.0,2023,Q3,0.0,0.0
438095,438095,Faroe Islands,54039.0,2023,Q4,0.0,0.0
438096,438096,Faroe Islands,54039.0,2024,Q1,0.0,0.0
438097,438097,Faroe Islands,54039.0,2024,Q2,0.0,0.0
438098,438098,Faroe Islands,54039.0,2024,Q3,0.0,0.0
438099,438099,Faroe Islands,54039.0,2024,Q4,0.0,0.0
474600,474600,Finland,5569299.0,2020,Q1,2830.0,0.0508142945817777
474601,474601,Finland,5569299.0,2020,Q2,3967.0,0.0712297903201103
474602,474602,Finland,5569299.0,2020,Q3,5415.0,0.0972294717881011
474603,474603,Finland,5569299.0,2020,Q4,26875.0,0.4825562427156452
474604,474604,Finland,5569299.0,2021,Q1,43259.0,0.7767404838562267
474605,474605,Finland,5569299.0,2021,Q2,15863.0,0.2848293833748197
474606,474606,Finland,5569299.0,2021,Q3,50464.0,0.9061104458568304
474607,474607,Finland,5569299.0,2021,Q4,217437.0,3.904207692925088
474608,474608,Finland,5569299.0,2022,Q1,616372.0,11.067317448748936
474609,474609,Finland,5569299.0,2022,Q2,192562.0,3.457562612458049
474610,474610,Finland,5569299.0,2022,Q3,152064.0,2.730397488086023
474611,474611,Finland,5569299.0,2022,Q4,130348.0,2.3404740883906574
474612,474612,Finland,5569299.0,2023,Q1,11804.0,0.2119476795912735
474613,474613,Finland,5569299.0,2023,Q2,13107.0,0.2353438017962404
474614,474614,Finland,5569299.0,2023,Q3,4690.0,0.0842116754729814
474615,474615,Finland,5569299.0,2023,Q4,12656.0,0.2272458347091797
474616,474616,Finland,5569299.0,2024,Q1,0.0,0.0
474617,474617,Finland,5569299.0,2024,Q2,0.0,0.0
474618,474618,Finland,5569299.0,2024,Q3,0.0,0.0
474619,474619,Finland,5569299.0,2024,Q4,0.0,0.0
511100,511100,France,66277412.0,2020,Q1,16.0,2.414095468905756e-05
511101,511101,France,66277412.0,2020,Q2,18116.0,0.0273335959466854
511102,511102,France,66277412.0,2020,Q3,370057.0,0.5583455793355359
511103,511103,France,66277412.0,2020,Q4,1950069.0,2.942282960595987
511104,511104,France,66277412.0,2021,Q1,1751984.0,2.643410397497114
511105,511105,France,66277412.0,2021,Q2,1400491.0,2.113074360839557
511106,511106,France,66277412.0,2021,Q3,1122353.0,1.6934170573829888
511107,511107,France,66277412.0,2021,Q4,2096840.0,3.1637324643877163
511108,511108,France,66277412.0,2022,Q1,15406826.0,23.24596802301212
511109,511109,France,66277412.0,2022,Q2,5479595.0,8.267665913086649
511110,511110,France,66277412.0,2022,Q3,4409232.0,6.652691870346416
511111,511111,France,66277412.0,2022,Q4,3983968.0,6.011049435665955
511112,511112,France,66277412.0,2023,Q1,598881.0,0.9035974428210928
511113,511113,France,66277412.0,2023,Q2,409062.0,0.6171967004384541
511114,511114,France,66277412.0,2023,Q3,0.0,0.0
511115,511115,France,66277412.0,2023,Q4,0.0,0.0
511116,511116,France,66277412.0,2024,Q1,0.0,0.0
511117,511117,France,66277412.0,2024,Q2,0.0,0.0
511118,511118,France,66277412.0,2024,Q3,0.0,0.0
511119,511119,France,66277412.0,2024,Q4,0.0,0.0
547600,547600,Germany,84086228.0,2020,Q1,63904.0,0.0759981765384933
547601,547601,Germany,84086228.0,2020,Q2,130239.0,0.1548874329337261
547602,547602,Germany,84086228.0,2020,Q3,93148.0,0.1107767612075547
547603,547603,Germany,84086228.0,2020,Q4,1372887.0,1.6327132666719215
547604,547604,Germany,84086228.0,2021,Q1,1123955.0,1.3366695435547424
547605,547605,Germany,84086228.0,2021,Q2,940594.0,1.118606485713689
547606,547606,Germany,84086228.0,2021,Q3,477276.0,0.5676030562341314
547607,547607,Germany,84086228.0,2021,Q4,2812040.0,3.3442337311170625
547608,547608,Germany,84086228.0,2022,Q1,13552068.0,16.11686993499102
547609,547609,Germany,84086228.0,2022,Q2,7311529.0,8.69527528336745
547610,547610,Germany,84086228.0,2022,Q3,5123988.0,6.0937303549875015
547611,547611,Germany,84086228.0,2022,Q4,4240308.0,5.042809150625713
547612,547612,Germany,84086228.0,2023,Q1,1092284.0,1.2990046360505074
547613,547613,Germany,84086228.0,2023,Q2,102437.0,0.1218237545392094
547614,547614,Germany,84086228.0,2023,Q3,1099.0,0.0013069916752598
547615,547615,Germany,84086228.0,2023,Q4,0.0,0.0
547616,547616,Germany,84086228.0,2024,Q1,0.0,0.0
547617,547617,Germany,84086228.0,2024,Q2,0.0,0.0
547618,547618,Germany,84086228.0,2024,Q3,0.0,0.0
547619,547619,Germany,84086228.0,2024,Q4,0.0,0.0
584100,584100,Gibraltar,37631.0,2020,Q1,61.0,0.1621003959501474
584101,584101,Gibraltar,37631.0,2020,Q2,108.0,0.286997422337966
584102,584102,Gibraltar,37631.0,2020,Q3,205.0,0.5447636257341022
584103,584103,Gibraltar,37631.0,2020,Q4,1411.0,3.749568175174723
584104,584104,Gibraltar,37631.0,2021,Q1,2480.0,6.590311179612554
584105,584105,Gibraltar,37631.0,2021,Q2,81.0,0.2152480667534745
584106,584106,Gibraltar,37631.0,2021,Q3,1195.0,3.175573330498791
584107,584107,Gibraltar,37631.0,2021,Q4,2992.0,7.950891552177726
584108,584108,Gibraltar,37631.0,2022,Q1,8321.0,22.112088437724218
584109,584109,Gibraltar,37631.0,2022,Q2,2452.0,6.515904440487896
584110,584110,Gibraltar,37631.0,2022,Q3,786.0,2.088703462570753
584111,584111,Gibraltar,37631.0,2022,Q4,213.0,0.566022694055433
584112,584112,Gibraltar,37631.0,2023,Q1,157.0,0.4172092158061173
584113,584113,Gibraltar,37631.0,2023,Q2,88.0,0.233849751534639
584114,584114,Gibraltar,37631.0,2023,Q3,0.0,0.0
584115,584115,Gibraltar,37631.0,2023,Q4,0.0,0.0
584116,584116,Gibraltar,37631.0,2024,Q1,0.0,0.0
584117,584117,Gibraltar,37631.0,2024,Q2,0.0,0.0
584118,584118,Gibraltar,37631.0,2024,Q3,0.0,0.0
584119,584119,Gibraltar,37631.0,2024,Q4,0.0,0.0
620560,620560,Greece,10412481.0,2020,Q1,1332.0,0.0127923402693363
620561,620561,Greece,10412481.0,2020,Q2,2134.0,0.0204946352363091
620562,620562,Greece,10412481.0,2020,Q3,14777.0,0.1419162253453331
620563,620563,Greece,10412481.0,2020,Q4,121449.0,1.1663790791070832
620564,620564,Greece,10412481.0,2021,Q1,123224.0,1.1834259289404707
620565,620565,Greece,10412481.0,2021,Q2,167713.0,1.610692014708118
620566,620566,Greece,10412481.0,2021,Q3,221313.0,2.125458860381114
620567,620567,Greece,10412481.0,2021,Q4,433145.0,4.159863533004286
620568,620568,Greece,10412481.0,2022,Q1,1856480.0,17.829372269682896
620569,620569,Greece,10412481.0,2022,Q2,686153.0,6.589716706325803
620570,620570,Greece,10412481.0,2022,Q3,901147.0,8.654488781300056
620571,620571,Greece,10412481.0,2022,Q4,494296.0,4.747149118447371
620572,620572,Greece,10412481.0,2023,Q1,238181.0,2.2874567550231304
620573,620573,Greece,10412481.0,2023,Q2,75498.0,0.725072151392161
620574,620574,Greece,10412481.0,2023,Q3,69132.0,0.6639339846094318
620575,620575,Greece,10412481.0,2023,Q4,164389.0,1.5787687871891436
620576,620576,Greece,10412481.0,2024,Q1,58188.0,0.5588293510451543
620577,620577,Greece,10412481.0,2024,Q2,19117.0,0.1835969736703481
620578,620578,Greece,10412481.0,2024,Q3,68681.0,0.6596026441728922
620579,620579,Greece,10412481.0,2024,Q4,35965.0,0.3454027911311434
657060,657060,Guernsey,63748.0,2020,Q1,55.0,0.0862772165401267
657061,657061,Guernsey,63748.0,2020,Q2,197.0,0.3090293028800903
657062,657062,Guernsey,63748.0,2020,Q3,5.0,0.0078433833218297
657063,657063,Guernsey,63748.0,2020,Q4,41.0,0.0643157432390035
657064,657064,Guernsey,63748.0,2021,Q1,523.0,0.8204178954633872
657065,657065,Guernsey,63748.0,2021,Q2,16.0,0.025098826629855
657066,657066,Guernsey,63748.0,2021,Q3,760.0,1.1921942649181152
657067,657067,Guernsey,63748.0,2021,Q4,6205.0,9.733638702390664
657068,657068,Guernsey,63748.0,2022,Q1,14455.0,22.67522118340968
657069,657069,Guernsey,63748.0,2022,Q2,4844.0,7.598669762188617
657070,657070,Guernsey,63748.0,2022,Q3,4208.0,6.600991403651879
657071,657071,Guernsey,63748.0,2022,Q4,2808.0,4.404844073539562
657072,657072,Guernsey,63748.0,2023,Q1,1118.0,1.753780510761122
657073,657073,Guernsey,63748.0,2023,Q2,91.0,0.1427495764573006
657074,657074,Guernsey,63748.0,2023,Q3,0.0,0.0
657075,657075,Guernsey,63748.0,2023,Q4,0.0,0.0
657076,657076,Guernsey,63748.0,2024,Q1,0.0,0.0
657077,657077,Guernsey,63748.0,2024,Q2,0.0,0.0
657078,657078,Guernsey,63748.0,2024,Q3,0.0,0.0
657079,657079,Guernsey,63748.0,2024,Q4,0.0,0.0
693500,693500,Hungary,9684306.0,2020,Q1,492.0,0.0050803846966421
693501,693501,Hungary,9684306.0,2020,Q2,3653.0,0.0377208237740525
693502,693502,Hungary,9684306.0,2020,Q3,22316.0,0.2304346847363146
693503,693503,Hungary,9684306.0,2020,Q4,296053.0,3.057038883323183
693504,693504,Hungary,9684306.0,2021,Q1,329919.0,3.4067386966087194
693505,693505,Hungary,9684306.0,2021,Q2,155695.0,1.6077042588286656
693506,693506,Hungary,9684306.0,2021,Q3,14577.0,0.1505218856157581
693507,693507,Hungary,9684306.0,2021,Q4,433710.0,4.478483021911947
693508,693508,Hungary,9684306.0,2022,Q1,595456.0,6.148669816918218
693509,693509,Hungary,9684306.0,2022,Q2,76254.0,0.7873976720686026
693510,693510,Hungary,9684306.0,2022,Q3,166017.0,1.7142890776065935
693511,693511,Hungary,9684306.0,2022,Q4,91674.0,0.9466243631706804
693512,693512,Hungary,9684306.0,2023,Q1,13330.0,0.1376453821265044
693513,693513,Hungary,9684306.0,2023,Q2,4025.0,0.0415620902520015
693514,693514,Hungary,9684306.0,2023,Q3,3140.0,0.032423593389139
693515,693515,Hungary,9684306.0,2023,Q4,20848.0,0.2152761385276343
693516,693516,Hungary,9684306.0,2024,Q1,3134.0,0.0323616374782044
693517,693517,Hungary,9684306.0,2024,Q2,192.0,0.0019825891499091
693518,693518,Hungary,9684306.0,2024,Q3,4224.0,0.0436169612980011
693519,693519,Hungary,9684306.0,2024,Q4,2705.0,0.0279317898463761
730000,730000,Iceland,380368.0,2020,Q1,1162.0,0.3054936272241619
730001,730001,Iceland,380368.0,2020,Q2,672.0,0.176671013334455
730002,730002,Iceland,380368.0,2020,Q3,839.0,0.2205758633744163
730003,730003,Iceland,380368.0,2020,Q4,3070.0,0.8071131115130611
730004,730004,Iceland,380368.0,2021,Q1,462.0,0.1214613216674378
730005,730005,Iceland,380368.0,2021,Q2,433.0,0.1138371261515164
730006,730006,Iceland,380368.0,2021,Q3,5074.0,1.3339713119925969
730007,730007,Iceland,380368.0,2021,Q4,12494.0,3.284713750893871
730008,730008,Iceland,380368.0,2022,Q1,147112.0,38.67622933580112
730009,730009,Iceland,380368.0,2022,Q2,16354.0,4.299520464392378
730010,730010,Iceland,380368.0,2022,Q3,15959.0,4.195673663399655
730011,730011,Iceland,380368.0,2022,Q4,3582.0,0.941719597863122
730012,730012,Iceland,380368.0,2023,Q1,1298.0,0.3412484751608968
730013,730013,Iceland,380368.0,2023,Q2,224.0,0.0588903377781516
730014,730014,Iceland,380368.0,2023,Q3,407.0,0.1070016405165524
730015,730015,Iceland,380368.0,2023,Q4,649.0,0.1706242375804484
730016,730016,Iceland,380368.0,2024,Q1,124.0,0.0326000084129054
730017,730017,Iceland,380368.0,2024,Q2,221.0,0.0581016278971942
730018,730018,Iceland,380368.0,2024,Q3,482.0,0.1267193875404871
730019,730019,Iceland,380368.0,2024,Q4,125.0,0.0328629117065578
766500,766500,Ireland,5110013.0,2020,Q1,2625.0,0.0513697323274911
766501,766501,Ireland,5110013.0,2020,Q2,22814.0,0.4464567898359554
766502,766502,Ireland,5110013.0,2020,Q3,9938.0,0.1944809142364217
766503,766503,Ireland,5110013.0,2020,Q4,54140.0,1.0594884983658557
766504,766504,Ireland,5110013.0,2021,Q1,146639.0,2.869640449055609
766505,766505,Ireland,5110013.0,2021,Q2,36511.0,0.7144991607653444
766506,766506,Ireland,5110013.0,2021,Q3,119087.0,2.330463738546262
766507,766507,Ireland,5110013.0,2021,Q4,360677.0,7.05824036064096
766508,766508,Ireland,5110013.0,2022,Q1,710393.0,13.90198028850416
766509,766509,Ireland,5110013.0,2022,Q2,135557.0,2.6527721162353206
766510,766510,Ireland,5110013.0,2022,Q3,65505.0,1.281894977566593
766511,766511,Ireland,5110013.0,2022,Q4,28260.0,0.5530318611713904
766512,766512,Ireland,5110013.0,2023,Q1,15475.0,0.3028368029592097
766513,766513,Ireland,5110013.0,2023,Q2,6183.0,0.1209977352308105
766514,766514,Ireland,5110013.0,2023,Q3,7630.0,0.1493146886319075
766515,766515,Ireland,5110013.0,2023,Q4,7519.0,0.1471424828077736
766516,766516,Ireland,5110013.0,2024,Q1,6193.0,0.121193429449201
766517,766517,Ireland,5110013.0,2024,Q2,5470.0,0.107044737459572
766518,766518,Ireland,5110013.0,2024,Q3,9054.0,0.1771815453307066
766519,766519,Ireland,5110013.0,2024,Q4,2378.0,0.0465360851332472
803000,803000,Isle of Man,84144.0,2020,Q1,44.0,0.0522913101350066
803001,803001,Isle of Man,84144.0,2020,Q2,294.0,0.3494010268111808
803002,803002,Isle of Man,84144.0,2020,Q3,4.0,0.0047537554668187
803003,803003,Isle of Man,84144.0,2020,Q4,37.0,0.0439722380680737
803004,803004,Isle of Man,84144.0,2021,Q1,1186.0,1.4094884959117702
803005,803005,Isle of Man,84144.0,2021,Q2,46.0,0.054668187868416
803006,803006,Isle of Man,84144.0,2021,Q3,5931.0,7.048630918425556
803007,803007,Isle of Man,84144.0,2021,Q4,7824.0,9.298345693097549
803008,803008,Isle of Man,84144.0,2022,Q1,13222.0,15.7135386955695
803009,803009,Isle of Man,84144.0,2022,Q2,7875.0,9.358956075299488
803010,803010,Isle of Man,84144.0,2022,Q3,1545.0,1.8361380490587564
803011,803011,Isle of Man,84144.0,2022,Q4,0.0,0.0
803012,803012,Isle of Man,84144.0,2023,Q1,0.0,0.0
803013,803013,Isle of Man,84144.0,2023,Q2,0.0,0.0
803014,803014,Isle of Man,84144.0,2023,Q3,0.0,0.0
803015,803015,Isle of Man,84144.0,2023,Q4,0.0,0.0
803016,803016,Isle of Man,84144.0,2024,Q1,0.0,0.0
803017,803017,Isle of Man,84144.0,2024,Q2,0.0,0.0
803018,803018,Isle of Man,84144.0,2024,Q3,0.0,0.0
803019,803019,Isle of Man,84144.0,2024,Q4,0.0,0.0
810321,810321,Isle of Man,84144.0,2020,Q2,294.0,0.0
