freq,unit,icha11_hc,geo,2012 ,2013 ,2014 ,2015 ,2016 ,2017 ,2018 ,2019 ,2020 ,2021 ,2022 ,2023 
A,EUR_HAB,TOT_HC,AT,3855.27 ,3928.93 ,4041.59 ,4129.77 ,4237.37 ,4359.69 ,4510.08 ,4690.47 ,4833.86 ,5498.80 ,5518.49 ,: 
A,EUR_HAB,TOT_HC,BA,: ,337.05 ,346.08 ,372.37 ,402.60 ,409.09 ,434.88 ,: ,: ,: ,: ,: 
A,EUR_HAB,TOT_HC,BE,3651.59 ,3722.91 ,3814.10 ,3990.56 ,4096.58 ,4225.93 ,4372.70 ,4482.91 ,4498.15 ,4843.02 ,5104.86 ,: 
A,EUR_HAB,TOT_HC,BG,436.06 ,413.42 ,457.59 ,471.74 ,510.22 ,556.20 ,586.55 ,625.59 ,753.65 ,890.50 ,989.78 ,: 
A,EUR_HAB,TOT_HC,CH,6910.07 ,6977.19 ,7160.61 ,8311.17 ,8338.43 ,8315.14 ,8079.96 ,8586.70 ,9043.05 ,9482.43 ,10374.05 ,: 
A,EUR_HAB,TOT_HC,CY,1474.97 ,1449.97 ,1421.46 ,1438.18 ,1485.39 ,1564.91 ,1700.49 ,1856.90 ,2169.11 ,2623.43 ,2699.66 ,: 
A,EUR_HAB,TOT_HC,CZ,1174.70 ,1136.77 ,1138.84 ,1179.34 ,1241.50 ,1344.82 ,1480.64 ,1609.55 ,1847.26 ,2143.63 ,2277.78 ,: 
A,EUR_HAB,TOT_HC,DE,3704.79 ,3834.33 ,3985.74 ,4145.58 ,4279.33 ,4476.61 ,4657.37 ,4898.43 ,5194.04 ,5609.80 ,5831.61 ,: 
A,EUR_HAB,TOT_HC,DK,4790.53 ,4759.80 ,4854.70 ,4969.01 ,5066.91 ,5164.02 ,5269.24 ,5404.57 ,5722.96 ,6293.45 ,6109.87 ,: 
A,EUR_HAB,TOT_HC,EA19,: ,: ,3086.98 ,3174.53 ,3250.65 ,3349.98 ,3453.44 ,3590.16 ,3761.30 p,4075.80 p,4205.26 p,: 
A,EUR_HAB,TOT_HC,EA20,: ,: ,3057.28 ,3144.45 ,3220.51 ,3319.53 ,3422.89 ,3558.91 ,3728.63 p,4042.99 p,4172.85 p,: 
A,EUR_HAB,TOT_HC,EE,825.61 ,901.15 ,970.27 ,1041.66 ,1107.80 ,1193.55 ,1312.58 ,1426.42 ,1565.67 ,1766.91 ,1874.20 ,: 
A,EUR_HAB,TOT_HC,EL,1522.08 ,1384.25 ,1284.05 ,1339.78 ,1368.10 ,1338.15 ,1358.49 ,1401.97 ,1469.02 ,1577.26 ,1682.72 ,: 
A,EUR_HAB,TOT_HC,ES,2018.42 ,1984.84 ,2018.69 ,2117.85 ,2145.45 ,2232.14 ,2314.86 ,2413.84 ,2535.45 ,2657.37 ,2745.32 ,: 
A,EUR_HAB,TOT_HC,EU27_2020,: ,: ,2658.13 ,2737.20 ,2807.27 ,2902.08 ,2994.18 ,3116.25 ,3273.66 p,3566.78 p,3684.55 p,: 
A,EUR_HAB,TOT_HC,FI,3559.49 ,3683.49 ,3705.37 ,3720.86 b,3712.03 ,3749.64 ,3827.56 ,3984.05 ,4146.64 ,4448.96 p,4666.15 p,: 
A,EUR_HAB,TOT_HC,FR,3606.13 ,3668.36 ,3736.38 ,3779.17 ,3847.37 ,3903.45 ,3944.92 ,4015.35 ,4139.21 ,4533.53 ,4606.98 ,: 
A,EUR_HAB,TOT_HC,HR,: ,671.11 ,686.44 ,719.53 ,763.03 ,805.78 ,870.38 ,930.62 ,962.91 ,1195.09 ,1279.15 ,: 
A,EUR_HAB,TOT_HC,HU,748.86 ,747.64 ,758.94 ,785.40 ,827.76 ,875.20 ,915.78 ,942.17 ,1031.55 ,1170.72 ,1171.33 ,: 
A,EUR_HAB,TOT_HC,IE,4046.39 ,3988.79 ,3984.62 ,4102.94 ,4243.77 ,4413.28 ,4614.55 ,4849.96 ,5316.64 ,5688.64 ,5997.91 ,: 
A,EUR_HAB,TOT_HC,IS,2946.21 ,3082.85 ,3411.67 ,3882.38 ,4571.96 ,5313.04 ,5320.09 ,5282.10 ,4989.06 ,5687.35 ,6488.26 ,: 
A,EUR_HAB,TOT_HC,IT,2396.32 ,2349.61 ,2374.06 ,2414.15 ,2440.53 ,2489.35 ,2545.28 ,2603.82 b,2690.03 ,2879.57 ,2977.60 ,: 
A,EUR_HAB,TOT_HC,LI,: ,7481.17 ,7598.39 ,8665.47 ,8747.41 ,8579.88 ,8217.96 ,8625.71 ,8745.02 ,9191.65 ,10021.03 ,: 
A,EUR_HAB,TOT_HC,LT,701.81 ,725.74 ,772.61 ,834.41 ,899.98 ,966.21 ,1060.96 ,1223.82 ,1333.76 ,1564.72 ,1724.07 ,: 
A,EUR_HAB,TOT_HC,LU,4639.11 b,4730.53 ,4869.32 ,4829.75 ,4897.36 ,5009.21 ,5221.36 ,5502.99 ,5900.44 ,6399.52 ,6590.17 ,: 
A,EUR_HAB,TOT_HC,LV,: ,612.48 ,647.40 ,702.31 ,794.11 ,828.80 ,936.20 ,1060.24 ,1154.22 ,1612.14 ,1556.72 ,: 
A,EUR_HAB,TOT_HC,MD,: ,: ,: ,: ,: ,: ,: ,: ,: ,: ,375.54 ,: 
A,EUR_HAB,TOT_HC,MT,: ,: ,1829.54 ,1998.56 ,2075.55 ,2226.88 ,2289.79 ,2574.76 ,2747.22 p,3064.16 p,3124.93 ,: 
A,EUR_HAB,TOT_HC,NL,4107.20 ,4159.68 ,4207.77 ,4205.21 ,4281.66 ,4355.42 ,4500.62 ,4753.39 ,5125.65 ,5523.97 ,5469.75 ,: 
A,EUR_HAB,TOT_HC,NO,6935.51 ,6915.78 ,6838.71 ,6787.99 ,6747.31 ,6906.95 ,6987.71 ,7126.65 ,6855.67 ,7720.39 ,8224.02 p,: 
A,EUR_HAB,TOT_HC,PL,: ,661.57 ,675.61 ,718.15 ,731.01 ,807.48 ,829.54 ,906.09 ,901.94 p,1003.50 p,1137.09 p,: 
A,EUR_HAB,TOT_HC,PT,1545.16 ,1533.34 ,1554.48 ,1616.41 ,1696.74 ,1770.29 ,1878.02 ,1982.76 ,2053.99 ,2319.38 ,2437.17 ,: 
A,EUR_HAB,TOT_HC,RO,313.18 ,373.66 ,380.14 ,399.83 ,431.88 ,493.75 ,583.91 ,661.28 ,712.57 ,817.47 ,857.66 ,: 
A,EUR_HAB,TOT_HC,RS,: ,: ,: ,: ,: ,: ,: ,: ,: ,781.29 p,868.51 p,: 
A,EUR_HAB,TOT_HC,SE,4849.60 ,5018.91 ,4954.90 ,5022.10 ,5099.33 ,5147.42 ,5060.99 ,5025.41 ,5260.21 ,5763.47 ,5636.55 ,: 
A,EUR_HAB,TOT_HC,SI,: ,: ,1551.74 ,1603.66 ,1660.39 ,1703.65 ,1830.93 ,1975.17 ,2109.68 ,2351.11 ,2593.90 ,: 
A,EUR_HAB,TOT_HC,SK,1026.35 ,1031.40 ,970.05 ,998.98 ,1043.40 ,1051.83 ,1099.99 ,1198.03 ,1219.91 ,1427.52 ,1560.50 ,: 
A,EUR_HAB,TOT_HC,UK,: ,3261.02 ,3559.66 ,4021.21 ,3662.83 ,3503.62 ,3607.59 ,3838.53 ,: ,: ,: ,: 
A,MIO_EUR,TOT_HC,AT,32499.92 ,33316.59 ,34540.89 ,35692.35 ,37020.51 ,38354.63 ,39871.46 ,41650.95 ,43102.90 ,49246.10 ,49897.38 ,52279.63 p
A,MIO_EUR,TOT_HC,BA,: ,1291.99 ,1324.85 ,1366.83 ,1414.26 ,1433.85 ,1520.41 ,1633.05 ,1722.85 ,1912.42 ,2033.03 ,: 
A,MIO_EUR,TOT_HC,BE,40558.00 ,41545.49 ,42752.47 ,44990.38 ,46420.10 ,48070.64 ,49967.10 ,51504.09 ,51902.39 ,56112.23 ,59625.83 ,: 
A,MIO_EUR,TOT_HC,BG,3185.79 ,3003.51 ,3305.61 ,3386.12 ,3636.79 ,3935.66 ,4120.53 ,4364.00 ,5225.79 ,6124.62 ,6575.40 ,: 
A,MIO_EUR,TOT_HC,CH,55258.84 ,56440.94 ,58635.76 ,68836.41 ,69820.53 ,70278.23 ,68795.40 ,73633.37 ,78115.41 ,82540.23 ,91053.95 ,: 
A,MIO_EUR,TOT_HC,CY,1274.30 ,1249.79 ,1211.80 ,1219.10 ,1264.90 ,1345.07 ,1479.54 ,1637.70 ,1934.86 ,2362.02 ,2463.99 ,: 
A,MIO_EUR,TOT_HC,CZ,12347.05 ,11952.31 ,11986.68 ,12437.35 ,13118.11 ,14247.64 ,15739.05 ,17176.92 ,19761.77 ,22520.47 ,24308.74 ,26128.41 p
A,MIO_EUR,TOT_HC,DE,297961.00 ,309222.00 ,322775.00 ,338638.00 ,352397.00 ,370023.00 ,386123.00 ,407025.00 ,431941.00 ,466713.00 ,488677.00 ,486257.00 p
A,MIO_EUR,TOT_HC,DK,26786.62 ,26725.94 ,27397.37 ,28241.26 ,29023.33 ,29770.48 ,30528.07 ,31424.46 ,33372.86 ,36859.08 ,36066.82 ,35286.77 p
A,MIO_EUR,TOT_HC,EA19,: ,: ,1043901.52 ,1076721.40 ,1105752.11 ,1141999.90 ,1180098.54 ,1228193.69 ,1288614.50 p,1397308.97 p,1447988.73 p,: 
A,MIO_EUR,TOT_HC,EA20,: ,: ,1046809.30 ,1079749.18 ,1108935.83 ,1145327.66 ,1183659.15 ,1231978.70 ,1292511.65 p,1402028.76 p,1452921.91 p,: 
A,MIO_EUR,TOT_HC,EE,1092.03 ,1187.71 ,1275.47 ,1370.20 ,1457.63 ,1572.37 ,1735.20 ,1892.72 ,2081.59 ,2351.64 ,2528.00 ,2848.46 p
A,MIO_EUR,TOT_HC,EL,16811.38 ,15178.58 ,13986.42 ,14497.60 ,14742.57 ,14391.37 ,14580.52 ,15031.34 ,15716.46 ,16670.38 ,17562.40 ,: 
A,MIO_EUR,TOT_HC,ES,94407.53 ,92533.36 ,93830.60 ,98363.32 ,99729.02 ,104002.63 ,108330.28 ,113776.09 ,120093.31 ,126001.25 ,131114.07 ,: 
A,MIO_EUR,TOT_HC,EU27_2020,: ,: ,1178279.65 ,1215960.13 ,1249704.32 ,1293954.70 ,1337368.46 ,1393016.13 ,1463301.71 p,1591674.36 p,1648486.53 p,: 
A,MIO_EUR,TOT_HC,FI,19271.00 ,20034.38 ,20236.91 ,20388.59 b,20398.75 ,20653.82 ,21111.01 ,21998.37 ,22929.00 ,24651.76 p,25925.61 p,: 
A,MIO_EUR,TOT_HC,FR,235980.55 ,241272.98 ,247767.17 ,251497.43 ,256712.36 ,261211.06 ,264934.59 ,270562.47 ,279814.91 ,307567.68 ,313574.39 ,: 
A,MIO_EUR,TOT_HC,HR,: ,2855.23 ,2907.78 ,3027.78 ,3183.72 ,3327.75 ,3560.60 ,3785.01 ,3897.15 ,4719.79 ,4933.18 ,: 
A,MIO_EUR,TOT_HC,HU,7428.99 ,7396.44 ,7488.05 ,7730.72 ,8123.68 ,8566.38 ,8952.28 ,9206.08 ,10057.80 ,11367.56 ,11296.76 ,12493.80 p
A,MIO_EUR,TOT_HC,IE,18611.51 ,18443.41 ,18559.32 ,19291.85 ,20180.53 ,21216.34 ,22460.46 ,23931.35 ,26505.49 ,28631.87 ,30983.40 ,33129.89 p
A,MIO_EUR,TOT_HC,IS,944.90 ,998.12 ,1116.93 ,1284.35 ,1533.61 ,1824.50 ,1876.51 ,1904.53 ,1828.31 ,2118.65 ,2478.54 ,2579.98 p
A,MIO_EUR,TOT_HC,IT,142676.00 ,141526.00 ,144317.00 ,146613.00 ,147963.00 ,150697.00 ,153790.00 ,155524.00 b,159892.00 ,170278.00 ,175719.00 ,176153.00 p
A,MIO_EUR,TOT_HC,LI,: ,276.68 ,283.02 ,324.90 ,329.92 ,325.71 ,314.30 ,332.63 ,340.19 ,360.15 ,395.76 ,: 
A,MIO_EUR,TOT_HC,LT,2096.85 ,2146.52 ,2265.58 ,2423.88 ,2581.36 ,2732.83 ,2972.32 ,3419.53 ,3727.72 ,4382.53 ,4881.95 ,5255.05 p
A,MIO_EUR,TOT_HC,LU,2463.12 b,2570.38 ,2708.90 ,2751.04 ,2850.33 ,2987.17 ,3174.33 ,3411.86 ,3719.75 ,4096.10 ,4304.06 ,4586.37 p
A,MIO_EUR,TOT_HC,LV,: ,1232.72 ,1290.77 ,1388.84 ,1556.09 ,1609.73 ,1804.22 ,2029.11 ,2193.54 ,3038.07 ,2925.67 ,: 
A,MIO_EUR,TOT_HC,MD,: ,: ,: ,: ,: ,: ,: ,: ,: ,: ,960.73 ,: 
A,MIO_EUR,TOT_HC,MT,: ,: ,795.04 ,889.47 ,945.12 ,1042.18 ,1109.70 ,1297.84 ,1415.73 p,1588.88 p,1660.94 ,: 
A,MIO_EUR,TOT_HC,NL,68816.00 ,69901.00 ,70964.00 ,71236.00 ,72918.00 ,74614.00 ,77553.00 ,82447.00 ,89399.00 ,96852.00 ,96820.00 ,: 
A,MIO_EUR,TOT_HC,NO,34806.36 ,35129.57 ,35132.03 ,35220.23 ,35318.92 ,36447.73 ,37118.10 ,38112.60 ,36879.92 ,41754.35 ,44879.54 p,: 
A,MIO_EUR,TOT_HC,PL,: ,25166.20 ,25681.21 ,27280.04 ,27756.39 ,30663.80 ,31501.68 ,34400.25 ,34182.62 p,37110.84 p,41869.59 p,52465.05 p
A,MIO_EUR,TOT_HC,PT,16247.14 ,16034.57 ,16168.20 ,16742.90 ,17519.59 ,18234.53 ,19313.26 ,20395.17 ,21150.13 ,24033.06 ,25370.25 ,26559.58 p
A,MIO_EUR,TOT_HC,RO,6281.85 ,7467.03 ,7568.11 ,7922.96 ,8509.07 ,9671.85 ,11371.07 ,12810.05 ,13727.90 ,15631.78 ,16337.18 ,: 
A,MIO_EUR,TOT_HC,RS,: ,: ,: ,: ,: ,: ,: ,: ,: ,5339.61 p,5835.65 p,: 
A,MIO_EUR,TOT_HC,SE,46165.14 ,48183.44 ,48043.30 ,49212.49 ,50601.13 ,51771.23 ,51496.64 ,51655.66 ,54461.32 ,60031.24 ,59110.13 ,59832.74 p
A,MIO_EUR,TOT_HC,SI,: ,: ,3199.66 ,3309.20 ,3428.78 ,3520.39 ,3797.15 ,4124.92 ,4435.43 ,4956.32 ,5478.52 ,5938.82 p
A,MIO_EUR,TOT_HC,SK,5550.07 ,5583.37 ,5256.33 ,5418.25 ,5666.47 ,5721.14 ,5991.41 ,6534.21 ,6659.30 ,7776.08 ,8476.28 ,: 
A,MIO_EUR,TOT_HC,UK,: ,209123.58 ,229962.02 ,261846.11 ,240323.80 ,231445.23 ,239761.83 ,256553.19 ,: ,: ,: ,: 
A,MIO_NAC,TOT_HC,AT,32499.92 ,33316.59 ,34540.89 ,35692.35 ,37020.51 ,38354.63 ,39871.46 ,41650.95 ,43102.90 ,49246.10 ,49897.38 ,52279.63 p
A,MIO_NAC,TOT_HC,BA,: ,2526.91 ,2591.18 ,2673.29 ,2766.05 ,2804.38 ,2973.66 ,3193.97 ,3369.60 ,3740.36 ,3976.27 ,: 
A,MIO_NAC,TOT_HC,BE,40558.00 ,41545.49 ,42752.47 ,44990.38 ,46420.10 ,48070.64 ,49967.10 ,51504.09 ,51902.39 ,56112.23 ,59625.83 ,: 
A,MIO_NAC,TOT_HC,BG,6230.78 ,5874.27 ,6465.12 ,6622.58 ,7112.83 ,7697.37 ,8058.92 ,8535.11 ,10220.60 ,11978.54 ,12860.17 ,: 
A,MIO_NAC,TOT_HC,CH,66603.48 ,69484.45 ,71218.99 ,73510.40 ,76118.34 ,78128.31 ,79458.69 ,81909.76 ,83622.55 ,89234.24 ,91481.90 ,: 
A,MIO_NAC,TOT_HC,CY,1274.30 ,1249.79 ,1211.80 ,1219.10 ,1264.90 ,1345.07 ,1479.54 ,1637.70 ,1934.86 ,2362.02 ,2463.99 ,: 
A,MIO_NAC,TOT_HC,CZ,310515.99 ,310520.98 ,330065.32 ,339278.48 ,354635.03 ,375083.26 ,403659.53 ,440931.62 ,522797.67 ,577424.94 ,597168.62 ,627186.26 p
A,MIO_NAC,TOT_HC,DE,297961.00 ,309222.00 ,322775.00 ,338638.00 ,352397.00 ,370023.00 ,386123.00 ,407025.00 ,431941.00 ,466713.00 ,488677.00 ,486257.00 p
A,MIO_NAC,TOT_HC,DK,199391.57 ,199319.40 ,204241.93 ,210643.06 ,216084.49 ,221450.67 ,227531.79 ,234618.19 ,248768.00 ,274120.95 ,268322.68 ,262918.20 p
A,MIO_NAC,TOT_HC,EE,1092.03 ,1187.71 ,1275.47 ,1370.20 ,1457.63 ,1572.37 ,1735.20 ,1892.72 ,2081.59 ,2351.64 ,2528.00 ,2848.46 p
A,MIO_NAC,TOT_HC,EL,16811.38 ,15178.58 ,13986.42 ,14497.60 ,14742.57 ,14391.37 ,14580.52 ,15031.34 ,15716.46 ,16670.38 ,17562.40 ,: 
A,MIO_NAC,TOT_HC,ES,94407.53 ,92533.36 ,93830.60 ,98363.32 ,99729.02 ,104002.63 ,108330.28 ,113776.09 ,120093.31 ,126001.25 ,131114.07 ,: 
A,MIO_NAC,TOT_HC,FI,19271.00 ,20034.38 ,20236.91 ,20388.59 b,20398.75 ,20653.82 ,21111.01 ,21998.37 ,22929.00 ,24651.76 p,25925.61 p,: 
A,MIO_NAC,TOT_HC,FR,235980.55 ,241272.98 ,247767.17 ,251497.43 ,256712.36 ,261211.06 ,264934.59 ,270562.47 ,279814.91 ,307567.68 ,313574.39 ,: 
A,MIO_NAC,TOT_HC,HR,: ,2871.94 ,2946.34 ,3059.61 ,3183.21 ,3296.48 ,3505.64 ,3726.49 ,3899.17 ,4715.97 ,4933.44 ,: 
A,MIO_NAC,TOT_HC,HU,2148834.14 ,2195781.54 ,2311636.44 ,2396523.40 ,2530040.38 ,2648638.99 ,2854791.53 ,2994736.51 ,3532803.82 ,4075498.36 ,4420310.02 ,4770758.82 p
A,MIO_NAC,TOT_HC,IE,18611.51 ,18443.41 ,18559.32 ,19291.85 ,20180.53 ,21216.34 ,22460.46 ,23931.35 ,26505.49 ,28631.87 ,30983.40 ,33129.89 p
A,MIO_NAC,TOT_HC,IS,151873.48 ,162074.30 ,172968.44 ,187900.11 ,204875.44 ,219924.86 ,239986.36 ,261453.93 ,282637.75 ,318115.60 ,352546.88 ,384752.68 p
A,MIO_NAC,TOT_HC,IT,142676.00 ,141526.00 ,144317.00 ,146613.00 ,147963.00 ,150697.00 ,153790.00 ,155524.00 b,159892.00 ,170278.00 ,175719.00 ,176153.00 p
A,MIO_NAC,TOT_HC,LI,: ,340.62 ,343.76 ,346.96 ,359.68 ,362.09 ,363.02 ,370.02 ,364.17 ,389.36 ,397.62 ,: 
A,MIO_NAC,TOT_HC,LT,2096.85 ,2146.52 ,2265.58 ,2423.88 ,2581.36 ,2732.83 ,2972.32 ,3419.53 ,3727.72 ,4382.53 ,4881.95 ,5255.05 p
A,MIO_NAC,TOT_HC,LU,2463.12 b,2570.38 ,2708.90 ,2751.04 ,2850.33 ,2987.17 ,3174.33 ,3411.86 ,3719.75 ,4096.10 ,4304.06 ,4586.37 p
A,MIO_NAC,TOT_HC,LV,: ,1230.43 ,1290.77 ,1388.84 ,1556.09 ,1609.73 ,1804.22 ,2029.11 ,2193.54 ,3038.07 ,2925.67 ,: 
A,MIO_NAC,TOT_HC,MD,: ,: ,: ,: ,: ,: ,: ,: ,: ,: ,19118.24 ,: 
A,MIO_NAC,TOT_HC,MT,: ,: ,795.04 ,889.47 ,945.12 ,1042.18 ,1109.70 ,1297.84 ,1415.73 p,1588.88 p,1660.94 ,: 
A,MIO_NAC,TOT_HC,NL,68816.00 ,69901.00 ,70964.00 ,71236.00 ,72918.00 ,74614.00 ,77553.00 ,82447.00 ,89399.00 ,96852.00 ,96820.00 ,: 
A,MIO_NAC,TOT_HC,NO,260181.00 ,274246.00 ,293507.00 ,315207.00 ,328134.00 ,339948.00 ,356241.00 ,375451.00 ,395456.00 ,424362.00 ,453400.00 p,: 
A,MIO_NAC,TOT_HC,PL,: ,105635.11 ,107457.87 ,114142.43 ,121106.67 ,130535.81 ,134244.40 ,147838.53 ,151873.40 p,169418.41 p,196205.10 p,238296.25 p
A,MIO_NAC,TOT_HC,PT,16247.14 ,16034.57 ,16168.20 ,16742.90 ,17519.59 ,18234.53 ,19313.26 ,20395.17 ,21150.13 ,24033.06 ,25370.25 ,26559.58 p
A,MIO_NAC,TOT_HC,RO,28012.64 ,32996.79 ,33630.42 ,35220.71 ,38209.12 ,44188.77 ,52920.94 ,60787.51 ,66419.68 ,76931.82 ,80563.54 ,: 
A,MIO_NAC,TOT_HC,RS,: ,: ,: ,: ,: ,: ,: ,: ,: ,627795.01 p,685448.43 p,: 
A,MIO_NAC,TOT_HC,SE,401826.00 ,416859.00 ,437122.00 ,460309.00 ,479137.00 ,498821.00 ,528268.00 ,546987.00 ,571016.00 ,609107.00 ,628317.00 ,686808.00 p
A,MIO_NAC,TOT_HC,SI,: ,: ,3199.66 ,3309.20 ,3428.78 ,3520.39 ,3797.15 ,4124.92 ,4435.43 ,4956.32 ,5478.52 ,5938.82 p
A,MIO_NAC,TOT_HC,SK,5550.07 ,5583.37 ,5256.33 ,5418.25 ,5666.47 ,5721.14 ,5991.41 ,6534.21 ,6659.30 ,7776.08 ,8476.28 ,: 
A,MIO_NAC,TOT_HC,UK,: ,177600.30 ,185376.98 ,190058.38 ,196940.55 ,202901.09 ,212119.69 ,225194.69 ,: ,: ,: ,: 
A,MIO_PPS,TOT_HC,AT,28897.29 ,29656.93 ,30379.51 ,31292.33 ,32134.75 ,32930.34 ,34026.99 ,35219.52 ,36259.01 ,42427.56 ,42954.63 ,44253.39 p
A,MIO_PPS,TOT_HC,BA,: ,2557.50 ,2629.38 ,2734.53 ,2857.14 ,2829.91 ,2966.75 ,3175.08 ,3298.71 ,3645.36 ,3721.77 ,: 
A,MIO_PPS,TOT_HC,BE,35202.32 ,36362.71 ,37680.32 ,39780.70 ,40216.33 ,41212.12 ,42646.05 ,43966.85 ,44677.58 ,48437.33 ,50681.12 ,: 
A,MIO_PPS,TOT_HC,BG,6856.95 ,6606.36 ,7442.91 ,7552.66 ,8065.49 ,8434.57 ,8657.32 ,8825.55 ,10190.33 ,11743.20 ,11867.68 ,: 
A,MIO_PPS,TOT_HC,CH,33295.08 ,35343.23 ,36790.09 ,38761.70 ,39660.67 ,40091.09 ,40755.78 ,42096.97 ,42873.90 ,46797.17 ,49407.75 ,: 
A,MIO_PPS,TOT_HC,CY,1284.55 ,1275.49 ,1265.06 ,1294.63 ,1379.00 ,1461.90 ,1587.02 ,1744.51 ,2062.30 ,2519.18 ,2605.07 ,: 
A,MIO_PPS,TOT_HC,CZ,17863.51 ,18331.93 ,19745.71 ,20035.46 ,20785.45 ,22029.90 ,23163.28 ,24792.61 ,28518.16 ,31742.87 ,31031.26 ,31581.17 p
A,MIO_PPS,TOT_HC,DE,285138.33 ,292982.01 ,305351.64 ,317029.28 ,330764.97 ,347550.39 ,363481.72 ,378058.18 ,400078.73 ,428016.07 ,445547.96 ,443074.92 p
A,MIO_PPS,TOT_HC,DK,18520.14 ,18642.97 ,18983.53 ,19675.60 ,19873.86 ,20757.24 ,21443.62 ,21888.07 ,23316.24 ,25830.98 ,24522.94 ,24634.42 p
A,MIO_PPS,TOT_HC,EA19,: ,: ,988252.99 ,1017868.26 ,1044660.38 ,1079609.28 ,1113258.50 ,1156719.96 ,1209523.74 p,1312890.13 p,1362517.98 p,: 
A,MIO_PPS,TOT_HC,EA20,: ,: ,993790.58 ,1023623.89 ,1050675.85 ,1085834.77 ,1119722.97 ,1163506.35 ,1216744.94 p,1321334.84 p,1371120.84 p,: 
A,MIO_PPS,TOT_HC,EE,1564.33 ,1651.46 ,1751.68 ,1869.42 ,1952.95 ,2042.34 ,2179.75 ,2308.01 ,2526.86 ,2739.69 ,2716.76 ,3027.43 p
A,MIO_PPS,TOT_HC,EL,17704.27 ,16795.94 ,16027.60 ,16824.88 ,17227.89 ,17046.84 ,17327.34 ,17712.83 ,18467.14 ,19720.17 ,20731.81 ,: 
A,MIO_PPS,TOT_HC,ES,95350.84 ,94560.07 ,97204.88 ,102733.72 ,103636.42 ,108885.04 ,111888.22 ,118026.95 ,121287.50 ,129140.53 ,134379.90 ,: 
A,MIO_PPS,TOT_HC,EU27_2020,: ,: ,1178279.65 ,1215960.13 ,1249704.32 ,1293954.70 ,1337368.46 ,1393016.13 ,1463301.71 p,1591674.36 p,1648486.53 p,: 
A,MIO_PPS,TOT_HC,FI,15314.13 ,15694.78 ,15807.12 ,16022.84 b,15964.46 ,16350.91 ,16658.65 ,17122.82 ,17864.57 ,19123.98 p,20252.17 p,: 
A,MIO_PPS,TOT_HC,FR,210165.87 ,219139.86 ,224306.91 ,227461.57 ,232896.38 ,236163.56 ,238806.74 ,246775.76 ,257024.54 ,283488.19 ,292819.36 ,: 
A,MIO_PPS,TOT_HC,HR,: ,4298.41 ,4469.46 ,4693.07 ,4948.84 ,5126.26 ,5370.26 ,5648.10 ,5892.61 ,7117.73 ,7164.61 ,: 
A,MIO_PPS,TOT_HC,HU,13092.59 ,13221.07 ,13454.30 ,13634.20 ,13893.46 ,13776.05 ,14365.03 ,14487.76 ,16469.41 ,18116.06 ,18008.12 ,18006.87 p
A,MIO_PPS,TOT_HC,IE,14945.04 ,14545.62 ,14264.99 ,14839.65 ,15328.69 ,15852.97 ,16556.07 ,17223.98 ,18318.30 ,19586.85 ,21365.06 ,22784.56 p
A,MIO_PPS,TOT_HC,IS,819.37 ,836.07 ,868.69 ,911.45 ,940.52 ,1001.78 ,1049.45 ,1111.99 ,1194.28 ,1319.48 ,1431.60 ,1528.19 p
A,MIO_PPS,TOT_HC,IT,136630.12 ,134467.79 ,135071.37 ,137393.87 ,140525.01 ,143923.94 ,147322.54 ,151064.57 b,155870.54 ,166931.03 ,173769.31 ,177397.98 p
A,MIO_PPS,TOT_HC,LT,3500.00 ,3607.63 ,3822.61 ,4078.77 ,4259.73 ,4443.59 ,4683.30 ,5336.28 ,5653.02 ,6492.45 ,6564.81 ,6795.19 p
A,MIO_PPS,TOT_HC,LU,1755.06 b,1848.33 ,1915.95 ,1957.55 ,2009.23 ,2095.11 ,2243.96 ,2319.16 ,2402.49 ,2670.19 ,2818.71 ,3011.88 p
A,MIO_PPS,TOT_HC,LV,: ,1815.72 ,1876.69 ,2034.45 ,2238.75 ,2292.91 ,2501.39 ,2748.68 ,2971.10 ,3976.41 ,3623.99 ,: 
A,MIO_PPS,TOT_HC,MT,: ,: ,947.63 ,1048.13 ,1112.66 ,1204.29 ,1274.98 ,1490.37 ,1560.09 p,1758.28 p,1821.52 ,: 
A,MIO_PPS,TOT_HC,NL,59862.90 ,60704.30 ,60890.31 ,61129.99 ,61438.26 ,63381.53 ,65888.16 ,68200.58 ,73925.02 ,80033.72 ,80195.48 ,: 
A,MIO_PPS,TOT_HC,NO,19532.52 ,20444.00 ,21452.52 ,21763.18 ,21879.68 ,23167.48 ,24063.35 ,24584.59 ,25267.46 ,27167.34 ,29335.27 p,: 
A,MIO_PPS,TOT_HC,PL,: ,46628.34 ,46920.12 ,50149.35 ,52373.40 ,55161.96 ,55797.07 ,60425.37 ,61258.54 p,65921.82 p,72186.25 p,82637.60 p
A,MIO_PPS,TOT_HC,PT,19017.23 ,19211.82 ,19311.30 ,19994.25 ,20578.60 ,21081.72 ,22479.83 ,23488.27 ,24012.55 ,27549.73 ,29389.56 ,31033.78 p
A,MIO_PPS,TOT_HC,RO,13327.61 ,15172.54 ,15261.03 ,15778.47 ,17446.13 ,19500.61 ,22534.51 ,25395.43 ,27757.33 ,31779.90 ,30983.71 ,: 
A,MIO_PPS,TOT_HC,RS,: ,: ,: ,: ,: ,: ,: ,: ,: ,9888.96 p,10190.71 p,: 
A,MIO_PPS,TOT_HC,SE,33281.10 ,33328.72 ,34517.44 ,35914.50 ,36021.28 ,36967.50 ,38459.77 ,39375.66 ,40684.85 ,44131.79 ,45757.35 ,49245.20 p
A,MIO_PPS,TOT_HC,SI,: ,: ,3770.35 ,3898.18 ,4003.12 ,4121.98 ,4404.64 ,4774.72 ,5136.86 ,5654.66 ,6182.25 ,6550.37 p
A,MIO_PPS,TOT_HC,SK,8473.44 ,8553.44 ,7969.35 ,8179.75 ,7841.73 ,7562.91 ,7631.94 ,8284.97 ,8695.95 ,10075.16 ,10577.48 ,: 
A,MIO_PPS,TOT_HC,UK,: ,173566.61 ,178609.47 ,182701.01 ,185361.04 ,190462.02 ,196064.01 ,204649.89 ,: ,: ,: ,: 
A,NAC_HAB,TOT_HC,AT,3855.27 ,3928.93 ,4041.59 ,4129.77 ,4237.37 ,4359.69 ,4510.08 ,4690.47 ,4833.86 ,5498.80 ,5518.49 ,: 
A,NAC_HAB,TOT_HC,BA,: ,659.20 ,676.88 ,728.29 ,787.41 ,800.10 ,850.55 ,: ,: ,: ,: ,: 
A,NAC_HAB,TOT_HC,BE,3651.59 ,3722.91 ,3814.10 ,3990.56 ,4096.58 ,4225.93 ,4372.70 ,4482.91 ,4498.15 ,4843.02 ,5104.86 ,: 
A,NAC_HAB,TOT_HC,BG,852.84 ,808.56 ,894.96 ,922.62 ,997.90 ,1087.82 ,1147.17 ,1223.54 ,1473.98 ,1741.64 ,1935.80 ,: 
A,NAC_HAB,TOT_HC,CH,8328.70 ,8589.62 ,8697.28 ,8875.50 ,9090.56 ,9243.94 ,9332.35 ,9551.85 ,9680.59 ,10251.45 ,10422.81 ,: 
A,NAC_HAB,TOT_HC,CY,1474.97 ,1449.97 ,1421.46 ,1438.18 ,1485.39 ,1564.91 ,1700.49 ,1856.90 ,2169.11 ,2623.43 ,2699.66 ,: 
A,NAC_HAB,TOT_HC,CZ,29542.61 ,29533.28 ,31359.09 ,32171.12 ,33562.74 ,35403.79 ,37973.87 ,41317.18 ,48869.38 ,54962.64 ,55955.96 ,: 
A,NAC_HAB,TOT_HC,DE,3704.79 ,3834.33 ,3985.74 ,4145.58 ,4279.33 ,4476.61 ,4657.37 ,4898.43 ,5194.04 ,5609.80 ,5831.61 ,: 
A,NAC_HAB,TOT_HC,DK,35659.31 ,35498.10 ,36190.81 ,37062.32 ,37724.18 ,38413.09 ,39272.71 ,40351.08 ,42660.05 ,46804.41 ,45455.02 ,: 
A,NAC_HAB,TOT_HC,EE,825.61 ,901.15 ,970.27 ,1041.66 ,1107.80 ,1193.55 ,1312.58 ,1426.42 ,1565.67 ,1766.91 ,1874.20 ,: 
A,NAC_HAB,TOT_HC,EL,1522.08 ,1384.25 ,1284.05 ,1339.78 ,1368.10 ,1338.15 ,1358.49 ,1401.97 ,1469.02 ,1577.26 ,1682.72 ,: 
A,NAC_HAB,TOT_HC,ES,2018.42 ,1984.84 ,2018.69 ,2117.85 ,2145.45 ,2232.14 ,2314.86 ,2413.84 ,2535.45 ,2657.37 ,2745.32 ,: 
A,NAC_HAB,TOT_HC,FI,3559.49 ,3683.49 ,3705.37 ,3720.86 b,3712.03 ,3749.64 ,3827.56 ,3984.05 ,4146.64 ,4448.96 p,4666.15 p,: 
A,NAC_HAB,TOT_HC,FR,3606.13 ,3668.36 ,3736.38 ,3779.17 ,3847.37 ,3903.45 ,3944.92 ,4015.35 ,4139.21 ,4533.53 ,4606.98 ,: 
A,NAC_HAB,TOT_HC,HR,: ,675.04 ,695.54 ,727.10 ,762.91 ,798.21 ,856.94 ,916.23 ,963.41 ,1194.12 ,1279.22 ,: 
A,NAC_HAB,TOT_HC,HU,216608.44 ,221951.21 ,234292.19 ,243474.20 ,257798.50 ,270601.57 ,292033.43 ,306487.90 ,362333.32 ,419726.48 ,458330.28 ,: 
A,NAC_HAB,TOT_HC,IE,4046.39 ,3988.79 ,3984.62 ,4102.94 ,4243.77 ,4413.28 ,4614.55 ,4849.96 ,5316.64 ,5688.64 ,5997.91 ,: 
A,NAC_HAB,TOT_HC,IS,473545.06 ,500593.95 ,528331.80 ,567991.49 ,610768.10 ,640433.48 ,680385.81 ,725126.89 ,771258.63 ,853955.77 ,922890.33 ,: 
A,NAC_HAB,TOT_HC,IT,2396.32 ,2349.61 ,2374.06 ,2414.15 ,2440.53 ,2489.35 ,2545.28 ,2603.82 b,2690.03 ,2879.57 ,2977.60 ,: 
A,NAC_HAB,TOT_HC,LI,: ,9210.06 ,9229.01 ,9253.86 ,9536.42 ,9538.26 ,9491.74 ,9595.24 ,9361.54 ,9937.09 ,10068.13 ,: 
A,NAC_HAB,TOT_HC,LT,701.81 ,725.74 ,772.61 ,834.41 ,899.98 ,966.21 ,1060.96 ,1223.82 ,1333.76 ,1564.72 ,1724.07 ,: 
A,NAC_HAB,TOT_HC,LU,4639.11 b,4730.53 ,4869.32 ,4829.75 ,4897.36 ,5009.21 ,5221.36 ,5502.99 ,5900.44 ,6399.52 ,6590.17 ,: 
A,NAC_HAB,TOT_HC,LV,: ,611.35 ,647.40 ,702.31 ,794.11 ,828.80 ,936.20 ,1060.24 ,1154.22 ,1612.14 ,1556.72 ,: 
A,NAC_HAB,TOT_HC,MD,: ,: ,: ,: ,: ,: ,: ,: ,: ,: ,7473.19 ,: 
A,NAC_HAB,TOT_HC,MT,: ,: ,1829.54 ,1998.56 ,2075.55 ,2226.88 ,2289.79 ,2574.76 ,2747.22 p,3064.16 p,3124.93 ,: 
A,NAC_HAB,TOT_HC,NL,4107.20 ,4159.68 ,4207.77 ,4205.21 ,4281.66 ,4355.42 ,4500.62 ,4753.39 ,5125.65 ,5523.97 ,5469.75 ,: 
A,NAC_HAB,TOT_HC,NO,51843.62 ,53989.44 ,57133.30 ,60749.83 ,62686.56 ,64421.08 ,67064.50 ,70205.37 ,73512.01 ,78464.66 ,83084.01 p,: 
A,NAC_HAB,TOT_HC,PL,: ,2776.93 ,2826.97 ,3004.82 ,3189.53 ,3437.43 ,3535.10 ,3894.03 ,4007.31 p,4581.16 p,5328.51 p,: 
A,NAC_HAB,TOT_HC,PT,1545.16 ,1533.34 ,1554.48 ,1616.41 ,1696.74 ,1770.29 ,1878.02 ,1982.76 ,2053.99 ,2319.38 ,2437.17 ,: 
A,NAC_HAB,TOT_HC,RO,1396.58 ,1651.19 ,1689.21 ,1777.42 ,1939.33 ,2255.83 ,2717.52 ,3137.96 ,3447.64 ,4023.20 ,4229.39 ,: 
A,NAC_HAB,TOT_HC,RS,: ,: ,: ,: ,: ,: ,: ,: ,: ,91859.10 p,102014.14 p,: 
A,NAC_HAB,TOT_HC,SE,42211.39 ,43421.10 ,45082.20 ,46974.21 ,48285.08 ,49595.94 ,51917.14 ,53214.61 ,55152.29 ,58479.08 ,59914.23 ,: 
A,NAC_HAB,TOT_HC,SI,: ,: ,1551.74 ,1603.66 ,1660.39 ,1703.65 ,1830.93 ,1975.17 ,2109.68 ,2351.11 ,2593.90 ,: 
A,NAC_HAB,TOT_HC,SK,1026.35 ,1031.40 ,970.05 ,998.98 ,1043.40 ,1051.83 ,1099.99 ,1198.03 ,1219.91 ,1427.52 ,1560.50 ,: 
A,NAC_HAB,TOT_HC,UK,: ,2769.45 ,2869.51 ,2918.76 ,3001.61 ,3071.52 ,3191.67 ,3369.35 ,: ,: ,: ,: 
A,PC_CHE,TOT_HC,AT,100.00 ,100.00 ,100.00 ,100.00 ,100.00 ,100.00 ,100.00 ,100.00 ,100.00 ,100.00 ,100.00 ,100.00 p
A,PC_CHE,TOT_HC,BA,: ,100.00 ,100.00 ,100.00 ,100.00 ,100.00 ,100.00 ,100.00 ,100.00 ,100.00 ,100.00 ,: 
A,PC_CHE,TOT_HC,BE,100.00 ,100.00 ,100.00 ,100.00 ,100.00 ,100.00 ,100.00 ,100.00 ,100.00 ,100.00 ,100.00 ,: 
A,PC_CHE,TOT_HC,BG,100.00 ,100.00 ,100.00 ,100.00 ,100.00 ,100.00 ,100.00 ,100.00 ,100.00 ,100.00 ,100.00 ,: 
A,PC_CHE,TOT_HC,CH,100.00 ,100.00 ,100.00 ,100.00 ,100.00 ,100.00 ,100.00 ,100.00 ,100.00 ,100.00 ,100.00 ,: 
A,PC_CHE,TOT_HC,CY,100.00 ,100.00 ,100.00 ,100.00 ,100.00 ,100.00 ,100.00 ,100.00 ,100.00 ,100.00 ,100.00 ,: 
A,PC_CHE,TOT_HC,CZ,100.00 ,100.00 ,100.00 ,100.00 ,100.00 ,100.00 ,100.00 ,100.00 ,100.00 ,100.00 ,100.00 ,100.00 p
A,PC_CHE,TOT_HC,DE,100.00 ,100.00 ,100.00 ,100.00 ,100.00 ,100.00 ,100.00 ,100.00 ,100.00 ,100.00 ,100.00 ,100.00 p
A,PC_CHE,TOT_HC,DK,100.00 ,100.00 ,100.00 ,100.00 ,100.00 ,100.00 ,100.00 ,100.00 ,100.00 ,100.00 ,100.00 ,100.00 p
A,PC_CHE,TOT_HC,EA19,: ,: ,100.00 ,100.00 ,100.00 ,100.00 ,100.00 ,100.00 ,100.00 p,100.00 p,100.00 p,: 
A,PC_CHE,TOT_HC,EA20,: ,: ,100.00 ,100.00 ,100.00 ,100.00 ,100.00 ,100.00 ,100.00 p,100.00 p,100.00 p,: 
A,PC_CHE,TOT_HC,EE,100.00 ,100.00 ,100.00 ,100.00 ,100.00 ,100.00 ,100.00 ,100.00 ,100.00 ,100.00 ,100.00 ,100.00 p
A,PC_CHE,TOT_HC,EL,100.00 ,100.00 ,100.00 ,100.00 ,100.00 ,100.00 ,100.00 ,100.00 ,100.00 ,100.00 ,100.00 ,: 
A,PC_CHE,TOT_HC,ES,100.00 ,100.00 ,100.00 ,100.00 ,100.00 ,100.00 ,100.00 ,100.00 ,100.00 ,100.00 ,100.00 ,: 
A,PC_CHE,TOT_HC,EU27_2020,: ,: ,100.00 ,100.00 ,100.00 ,100.00 ,100.00 ,100.00 ,100.00 p,100.00 p,100.00 p,: 
A,PC_CHE,TOT_HC,FI,100.00 ,100.00 ,100.00 ,100.00 b,100.00 ,100.00 ,100.00 ,100.00 ,100.00 ,100.00 p,100.00 p,: 
A,PC_CHE,TOT_HC,FR,100.00 ,100.00 ,100.00 ,100.00 ,100.00 ,100.00 ,100.00 ,100.00 ,100.00 ,100.00 ,100.00 ,: 
A,PC_CHE,TOT_HC,HR,: ,100.00 ,100.00 ,100.00 ,100.00 ,100.00 ,100.00 ,100.00 ,100.00 ,100.00 ,100.00 ,: 
A,PC_CHE,TOT_HC,HU,100.00 ,100.00 ,100.00 ,100.00 ,100.00 ,100.00 ,100.00 ,100.00 ,100.00 ,100.00 ,100.00 ,100.00 p
A,PC_CHE,TOT_HC,IE,100.00 ,100.00 ,100.00 ,100.00 ,100.00 ,100.00 ,100.00 ,100.00 ,100.00 ,100.00 ,100.00 ,100.00 p
A,PC_CHE,TOT_HC,IS,100.00 ,100.00 ,100.00 ,100.00 ,100.00 ,100.00 ,100.00 ,100.00 ,100.00 ,100.00 ,100.00 ,100.00 p
A,PC_CHE,TOT_HC,IT,100.00 ,100.00 ,100.00 ,100.00 ,100.00 ,100.00 ,100.00 ,100.00 b,100.00 ,100.00 ,100.00 ,100.00 p
A,PC_CHE,TOT_HC,LI,: ,100.00 ,100.00 ,100.00 ,100.00 ,100.00 ,100.00 ,100.00 ,100.00 ,100.00 ,100.00 ,: 
A,PC_CHE,TOT_HC,LT,100.00 ,100.00 ,100.00 ,100.00 ,100.00 ,100.00 ,100.00 ,100.00 ,100.00 ,100.00 ,100.00 ,100.00 p
A,PC_CHE,TOT_HC,LU,100.00 b,100.00 ,100.00 ,100.00 ,100.00 ,100.00 ,100.00 ,100.00 ,100.00 ,100.00 ,100.00 ,100.00 p
A,PC_CHE,TOT_HC,LV,: ,100.00 ,100.00 ,100.00 ,100.00 ,100.00 ,100.00 ,100.00 ,100.00 ,100.00 ,100.00 ,: 
A,PC_CHE,TOT_HC,MD,: ,: ,: ,: ,: ,: ,: ,: ,: ,: ,100.00 ,: 
A,PC_CHE,TOT_HC,MT,: ,: ,100.00 ,100.00 ,100.00 ,100.00 ,100.00 ,100.00 ,100.00 p,100.00 p,100.00 ,: 
A,PC_CHE,TOT_HC,NL,100.00 ,100.00 ,100.00 ,100.00 ,100.00 ,100.00 ,100.00 ,100.00 ,100.00 ,100.00 ,100.00 ,: 
A,PC_CHE,TOT_HC,NO,100.00 ,100.00 ,100.00 ,100.00 ,100.00 ,100.00 ,100.00 ,100.00 ,100.00 ,100.00 ,100.00 p,: 
A,PC_CHE,TOT_HC,PL,: ,100.00 ,100.00 ,100.00 ,100.00 ,100.00 ,100.00 ,100.00 ,100.00 p,100.00 p,100.00 p,100.00 p
A,PC_CHE,TOT_HC,PT,100.00 ,100.00 ,100.00 ,100.00 ,100.00 ,100.00 ,100.00 ,100.00 ,100.00 ,100.00 ,100.00 ,100.00 p
A,PC_CHE,TOT_HC,RO,100.00 ,100.00 ,100.00 ,100.00 ,100.00 ,100.00 ,100.00 ,100.00 ,100.00 ,100.00 ,100.00 ,: 
A,PC_CHE,TOT_HC,RS,: ,: ,: ,: ,: ,: ,: ,: ,: ,100.00 p,100.00 p,: 
A,PC_CHE,TOT_HC,SE,100.00 ,100.00 ,100.00 ,100.00 ,100.00 ,100.00 ,100.00 ,100.00 ,100.00 ,100.00 ,100.00 ,100.00 p
A,PC_CHE,TOT_HC,SI,: ,: ,100.00 ,100.00 ,100.00 ,100.00 ,100.00 ,100.00 ,100.00 ,100.00 ,100.00 ,100.00 p
A,PC_CHE,TOT_HC,SK,100.00 ,100.00 ,100.00 ,100.00 ,100.00 ,100.00 ,100.00 ,100.00 ,100.00 ,100.00 ,100.00 ,: 
A,PC_CHE,TOT_HC,UK,: ,100.00 ,100.00 ,100.00 ,100.00 ,100.00 ,100.00 ,100.00 ,: ,: ,: ,: 
A,PC_GDP,TOT_HC,AT,10.20 ,10.29 ,10.37 ,10.37 ,10.35 ,10.38 ,10.35 ,10.49 ,11.32 ,12.15 ,11.16 ,10.93 p
A,PC_GDP,TOT_HC,BA,: ,9.44 ,9.47 ,9.24 ,9.14 ,8.82 ,8.76 ,8.93 ,9.70 ,9.56 ,8.72 ,: 
A,PC_GDP,TOT_HC,BE,10.50 ,10.57 ,10.61 ,10.80 ,10.79 ,10.80 ,10.86 ,10.76 ,11.27 ,11.04 ,10.76 ,: 
A,PC_GDP,TOT_HC,BG,7.54 ,7.14 ,7.68 ,7.39 ,7.46 ,7.50 ,7.33 ,7.09 ,8.48 ,8.62 ,7.66 ,: 
A,PC_GDP,TOT_HC,CH,10.35 ,10.61 ,10.70 ,11.00 ,11.23 ,11.41 ,11.20 ,11.43 ,12.00 ,12.00 ,11.71 ,: 
A,PC_GDP,TOT_HC,CY,6.54 ,6.93 ,6.93 ,6.79 ,6.65 ,6.62 ,6.83 ,7.07 ,8.76 ,9.48 ,8.87 ,: 
A,PC_GDP,TOT_HC,CZ,7.59 ,7.50 ,7.60 ,7.34 ,7.39 ,7.34 ,7.46 ,7.61 ,9.16 ,9.45 ,8.80 ,8.54 p
A,PC_GDP,TOT_HC,DE,10.85 ,11.00 ,11.03 ,11.19 ,11.24 ,11.33 ,11.47 ,11.72 ,12.69 ,12.90 ,12.61 ,11.80 p
A,PC_GDP,TOT_HC,DK,10.52 ,10.33 ,10.31 ,10.34 ,10.25 ,10.10 ,10.10 ,10.15 ,10.72 ,10.75 ,9.48 ,9.44 p
A,PC_GDP,TOT_HC,EA19,: ,: ,10.26 ,10.23 ,10.22 ,10.17 ,10.17 ,10.25 ,11.24 p,11.25 p,10.77 p,: 
A,PC_GDP,TOT_HC,EA20,: ,: ,10.25 ,10.22 ,10.21 ,10.16 ,10.16 ,10.23 ,11.22 p,11.24 p,10.76 p,: 
A,PC_GDP,TOT_HC,EE,6.10 ,6.28 ,6.36 ,6.64 ,6.70 ,6.60 ,6.69 ,6.77 ,7.59 ,7.54 ,7.02 ,7.56 p
A,PC_GDP,TOT_HC,EL,8.92 ,8.44 ,7.89 ,8.22 ,8.45 ,8.14 ,8.12 ,8.20 ,9.52 ,9.18 ,8.50 ,: 
A,PC_GDP,TOT_HC,ES,9.16 ,9.07 ,9.09 ,9.12 ,8.95 ,8.95 ,9.00 ,9.13 ,10.73 ,10.31 ,9.74 ,: 
A,PC_GDP,TOT_HC,EU27_2020,: ,: ,10.00 ,9.96 ,9.96 ,9.90 ,9.88 ,9.94 ,10.86 p,10.87 p,10.36 p,: 
A,PC_GDP,TOT_HC,FI,9.59 ,9.81 ,9.78 ,9.65 b,9.38 ,9.13 ,9.04 ,9.17 ,9.63 ,9.83 p,9.69 p,: 
A,PC_GDP,TOT_HC,FR,11.30 ,11.40 ,11.53 ,11.44 ,11.49 ,11.37 ,11.21 ,11.10 ,12.07 ,12.29 ,11.88 ,: 
A,PC_GDP,TOT_HC,HR,: ,6.40 ,6.58 ,6.65 ,6.68 ,6.61 ,6.69 ,6.74 ,7.65 ,8.01 ,7.22 ,: 
A,PC_GDP,TOT_HC,HU,7.41 ,7.23 ,7.05 ,6.85 ,6.99 ,6.74 ,6.58 ,6.28 ,7.29 ,7.38 ,6.70 ,6.36 p
A,PC_GDP,TOT_HC,IE,10.62 ,10.29 ,9.49 ,7.32 ,7.48 ,7.11 ,6.86 ,6.72 ,7.06 ,6.60 ,6.12 ,6.57 p
A,PC_GDP,TOT_HC,IS,8.23 ,8.23 ,8.29 ,8.13 ,8.16 ,8.32 ,8.44 ,8.64 ,9.65 ,9.71 ,9.08 ,8.99 p
A,PC_GDP,TOT_HC,IT,8.78 ,8.78 ,8.87 ,8.86 ,8.73 ,8.68 ,8.68 ,8.66 b,9.62 ,9.35 ,8.95 ,8.45 p
A,PC_GDP,TOT_HC,LI,: ,5.75 ,5.64 ,5.75 ,5.85 ,5.68 ,5.55 ,5.78 ,6.06 ,5.53 ,5.66 ,: 
A,PC_GDP,TOT_HC,LT,6.28 ,6.13 ,6.19 ,6.49 ,6.64 ,6.46 ,6.53 ,6.98 ,7.47 ,7.76 ,7.24 ,7.30 p
A,PC_GDP,TOT_HC,LU,5.29 b,5.24 ,5.23 ,5.08 ,5.07 ,5.14 ,5.28 ,5.46 ,5.76 ,5.66 ,5.55 ,5.78 p
A,PC_GDP,TOT_HC,LV,: ,5.41 ,5.46 ,5.65 ,6.13 ,5.97 ,6.19 ,6.64 ,7.29 ,9.11 ,7.62 ,: 
A,PC_GDP,TOT_HC,MT,: ,: ,9.09 ,8.90 ,8.97 ,8.73 ,8.51 ,9.08 ,10.60 p,10.36 p,9.52 ,: 
A,PC_GDP,TOT_HC,NL,10.54 ,10.58 ,10.57 ,10.32 ,10.29 ,10.11 ,10.02 ,10.14 ,11.22 ,11.12 ,10.10 ,: 
A,PC_GDP,TOT_HC,NO,8.72 ,8.87 ,9.28 ,10.07 ,10.53 ,10.23 ,9.96 ,10.44 ,11.42 ,9.81 ,7.94 p,: 
A,PC_GDP,TOT_HC,PL,: ,6.48 ,6.32 ,6.35 ,6.53 ,6.58 ,6.31 ,6.46 ,6.50 p,6.44 p,6.38 p,6.99 p
A,PC_GDP,TOT_HC,PT,9.65 ,9.40 ,9.34 ,9.32 ,9.39 ,9.31 ,9.41 ,9.51 ,10.55 ,11.12 ,10.47 ,10.00 p
A,PC_GDP,TOT_HC,RO,4.51 ,5.22 ,5.03 ,4.94 ,5.08 ,5.19 ,5.52 ,5.71 ,6.23 ,6.47 ,5.75 ,: 
A,PC_GDP,TOT_HC,RS,: ,: ,: ,: ,: ,: ,: ,: ,: ,10.01 p,9.66 p,: 
A,PC_GDP,TOT_HC,SE,10.79 ,10.96 ,11.03 ,10.88 ,10.88 ,10.88 ,11.02 ,10.87 ,11.37 ,11.15 ,10.71 ,11.07 p
A,PC_GDP,TOT_HC,SI,: ,: ,8.50 ,8.52 ,8.48 ,8.18 ,8.28 ,8.49 ,9.43 ,9.48 ,9.61 ,9.41 p
A,PC_GDP,TOT_HC,SK,7.54 ,7.50 ,6.88 ,6.76 ,6.97 ,6.76 ,6.67 ,6.92 ,7.13 ,7.76 ,7.72 ,: 
A,PC_GDP,TOT_HC,UK,: ,9.98 ,9.95 ,9.90 ,9.87 ,9.81 ,9.90 ,10.15 ,: ,: ,: ,: 
A,PPS_HAB,TOT_HC,AT,3427.92 ,3497.35 ,3554.67 ,3620.67 ,3678.15 ,3743.12 ,3848.98 ,3966.20 ,4066.34 ,4737.44 ,4750.65 ,: 
A,PPS_HAB,TOT_HC,BA,: ,667.18 ,686.86 ,744.97 ,813.34 ,807.39 ,848.57 ,: ,: ,: ,: ,: 
A,PPS_HAB,TOT_HC,BE,3169.40 ,3258.48 ,3361.60 ,3528.47 ,3549.10 ,3622.99 ,3732.03 ,3826.87 ,3872.01 ,4180.61 ,4339.06 ,: 
A,PPS_HAB,TOT_HC,BG,938.55 ,909.33 ,1030.31 ,1052.20 ,1131.55 ,1192.01 ,1232.35 ,1265.17 ,1469.62 ,1707.42 ,1786.41 ,: 
A,PPS_HAB,TOT_HC,CH,4163.52 ,4369.11 ,4492.82 ,4680.01 ,4736.54 ,4743.47 ,4786.73 ,4909.11 ,4963.31 ,5376.18 ,5629.17 ,: 
A,PPS_HAB,TOT_HC,CY,1486.84 ,1479.79 ,1483.94 ,1527.29 ,1619.38 ,1700.84 ,1824.02 ,1978.02 ,2311.98 ,2797.98 ,2854.24 ,: 
A,PPS_HAB,TOT_HC,CZ,1699.54 ,1743.53 ,1876.02 ,1899.81 ,1967.14 ,2079.38 ,2179.06 ,2323.17 ,2665.78 ,3021.47 ,2907.69 ,: 
A,PPS_HAB,TOT_HC,DE,3545.36 ,3632.96 ,3770.59 ,3881.04 ,4016.64 ,4204.73 ,4384.27 ,4549.82 ,4810.90 ,5144.67 ,5316.93 ,: 
A,PPS_HAB,TOT_HC,DK,3312.15 ,3320.25 ,3363.80 ,3461.89 ,3469.59 ,3600.57 ,3701.24 ,3764.44 ,3998.39 ,4410.48 ,4154.29 ,: 
A,PPS_HAB,TOT_HC,EA19,: ,: ,2922.42 ,3001.01 ,3071.06 ,3166.97 ,3257.84 ,3381.23 ,3530.45 p,3829.56 p,3957.03 p,: 
A,PPS_HAB,TOT_HC,EA20,: ,: ,2902.44 ,2981.00 ,3051.31 ,3147.10 ,3238.00 ,3361.11 ,3510.06 p,3810.30 p,3937.91 p,: 
A,PPS_HAB,TOT_HC,EE,1182.69 ,1253.01 ,1332.54 ,1421.17 ,1484.24 ,1550.30 ,1648.85 ,1739.41 ,1900.58 ,2058.47 ,2014.14 ,: 
A,PPS_HAB,TOT_HC,EL,1602.92 ,1531.75 ,1471.45 ,1554.85 ,1598.73 ,1585.06 ,1614.42 ,1652.07 ,1726.13 ,1865.81 ,1986.40 ,: 
A,PPS_HAB,TOT_HC,ES,2038.58 ,2028.31 ,2091.29 ,2211.95 ,2229.50 ,2336.93 ,2390.89 ,2504.03 ,2560.66 ,2723.58 ,2813.70 ,: 
A,PPS_HAB,TOT_HC,EU27_2020,: ,: ,2658.13 ,2737.20 ,2807.27 ,2902.08 ,2994.18 ,3116.25 ,3273.66 p,3566.78 p,3684.55 p,: 
A,PPS_HAB,TOT_HC,FI,2828.63 ,2885.61 ,2894.28 ,2924.13 b,2905.11 ,2968.46 ,3020.32 ,3101.06 ,3230.75 ,3451.35 p,3645.03 p,: 
A,PPS_HAB,TOT_HC,FR,3211.65 ,3331.85 ,3382.60 ,3417.99 ,3490.44 ,3529.15 ,3555.88 ,3662.34 ,3802.08 ,4178.60 ,4302.05 ,: 
A,PPS_HAB,TOT_HC,HR,: ,1010.33 ,1055.10 ,1115.27 ,1186.08 ,1241.27 ,1312.74 ,1388.69 ,1455.95 ,1802.26 ,1857.75 ,: 
A,PPS_HAB,TOT_HC,HU,1319.77 ,1336.40 ,1363.64 ,1385.16 ,1415.67 ,1407.45 ,1469.48 ,1482.71 ,1689.14 ,1865.73 ,1867.21 ,: 
A,PPS_HAB,TOT_HC,IE,3249.25 ,3145.80 ,3062.64 ,3156.06 ,3223.47 ,3297.63 ,3401.48 ,3490.64 ,3674.40 ,3891.56 ,4135.95 ,: 
A,PPS_HAB,TOT_HC,IS,2554.81 ,2582.35 ,2653.41 ,2755.15 ,2803.85 ,2917.25 ,2975.30 ,3084.03 ,3258.93 ,3542.05 ,3747.63 ,: 
A,PPS_HAB,TOT_HC,IT,2294.77 ,2232.43 ,2221.97 ,2262.35 ,2317.84 ,2377.47 ,2438.24 ,2529.16 b,2622.37 ,2822.97 ,2944.56 ,: 
A,PPS_HAB,TOT_HC,LT,1171.44 ,1219.75 ,1303.59 ,1404.09 ,1485.14 ,1571.06 ,1671.68 ,1909.81 ,2022.63 ,2318.04 ,2318.38 ,: 
A,PPS_HAB,TOT_HC,LU,3305.53 b,3401.66 ,3443.97 ,3436.69 ,3452.20 ,3513.31 ,3691.03 ,3740.58 ,3810.94 ,4171.76 ,4315.88 ,: 
A,PPS_HAB,TOT_HC,LV,: ,902.16 ,941.27 ,1028.78 ,1142.49 ,1180.54 ,1297.96 ,1436.23 ,1563.37 ,2110.07 ,1928.29 ,: 
A,PPS_HAB,TOT_HC,MT,: ,: ,2180.67 ,2355.06 ,2443.49 ,2573.28 ,2630.83 ,2956.73 ,3027.35 p,3390.85 p,3427.05 ,: 
A,PPS_HAB,TOT_HC,NL,3572.85 ,3612.40 ,3610.45 ,3608.63 ,3607.58 ,3699.75 ,3823.68 ,3932.03 ,4238.46 ,4564.74 ,4530.57 ,: 
A,PPS_HAB,TOT_HC,NO,3892.05 ,4024.71 ,4175.89 ,4194.42 ,4179.88 ,4390.30 ,4530.07 ,4597.06 ,4697.01 ,5023.25 ,5375.59 p,: 
A,PPS_HAB,TOT_HC,PL,: ,1225.77 ,1234.36 ,1320.19 ,1379.33 ,1452.59 ,1469.32 ,1591.59 ,1616.36 p,1782.56 p,1960.42 p,: 
A,PPS_HAB,TOT_HC,PT,1808.61 ,1837.17 ,1856.67 ,1930.31 ,1993.00 ,2046.71 ,2185.94 ,2283.46 ,2331.98 ,2658.77 ,2823.29 ,: 
A,PPS_HAB,TOT_HC,RO,664.45 ,759.25 ,766.54 ,796.26 ,885.49 ,995.50 ,1157.16 ,1310.96 ,1440.80 ,1661.95 ,1626.57 ,: 
A,PPS_HAB,TOT_HC,RS,: ,: ,: ,: ,: ,: ,: ,: ,: ,1446.96 p,1516.67 p,: 
A,PPS_HAB,TOT_HC,SE,3496.14 ,3471.60 ,3559.93 ,3665.05 ,3630.05 ,3675.54 ,3779.75 ,3830.73 ,3929.60 ,4237.00 ,4363.27 ,: 
A,PPS_HAB,TOT_HC,SI,: ,: ,1828.51 ,1889.08 ,1938.52 ,1994.78 ,2123.85 ,2286.32 ,2443.31 ,2682.38 ,2927.10 ,: 
A,PPS_HAB,TOT_HC,SK,1566.96 ,1580.05 ,1470.73 ,1508.12 ,1443.94 ,1390.44 ,1401.19 ,1519.02 ,1593.01 ,1849.59 ,1947.34 ,: 
A,PPS_HAB,TOT_HC,UK,: ,2706.55 ,2764.75 ,2805.77 ,2825.13 ,2883.22 ,2950.09 ,3061.96 ,: ,: ,: ,: 
